,contractSymbol,strike,lastPrice,openInterest,StockPrice,premiumPrice,strike_diff
0,GME230217C00003000,3.0,19.38,0.0,19.8700008392334,97.53396669080209,-84.9018627413619
1,GME230217C00006250,6.25,11.25,0.0,19.8700008392334,56.61801471989286,-68.5455473778373
2,GME230217C00007500,7.5,11.85,0.0,19.8700008392334,59.63764217162048,-62.25465685340477
3,GME230217C00008750,8.75,19.0,0.0,19.8700008392334,95.6215359713746,-55.96376632897222
4,GME230217C00010000,10.0,11.21,37.0,19.8700008392334,56.41670622311102,-49.67287580453968
5,GME230217C00011250,11.25,8.1,0.0,19.8700008392334,40.76497059832286,-43.381985280107145
6,GME230217C00012500,12.5,8.7,4.0,19.8700008392334,43.78459805005047,-37.091094755674604
7,GME230217C00013500,13.5,6.25,1.0,19.8700008392334,31.454452622162698,-32.058382336128574
8,GME230217C00013750,13.75,5.42,27.0,19.8700008392334,27.277301313939496,-30.800204231242063
9,GME230217C00015000,15.0,4.6,49.0,19.8700008392334,23.150477129911746,-24.50931370680952
10,GME230217C00015500,15.5,4.25,1.0,19.8700008392334,21.389027783070635,-21.992957497036507
11,GME230217C00016000,16.0,3.28,64.0,19.8700008392334,16.507296736110984,-19.476601287263488
12,GME230217C00016250,16.25,3.0,79.0,19.8700008392334,15.098137258638095,-18.218423182376984
13,GME230217C00016500,16.5,3.27,83.0,19.8700008392334,16.45696961191552,-16.960245077490473
14,GME230217C00017000,17.0,2.24,65.0,19.8700008392334,11.273275819783112,-14.443888867717458
15,GME230217C00017500,17.5,2.32,1327.0,19.8700008392334,11.675892813346794,-11.927532657944443
16,GME230217C00018000,18.0,1.82,282.0,19.8700008392334,9.159536603573779,-9.411176448171426
17,GME230217C00018500,18.5,0.97,218.0,19.8700008392334,4.881731046959651,-6.8948202383984105
18,GME230217C00018750,18.75,1.24,627.0,19.8700008392334,6.240563400237079,-5.636642133511903
19,GME230217C00019000,19.0,1.05,1816.0,19.8700008392334,5.284348040523334,-4.378464028625395
20,GME230217C00019500,19.5,0.68,2320.0,19.8700008392334,3.4222444452913017,-1.862107818852379
21,GME230217C00020000,20.0,0.44,5993.0,19.8700008392334,2.214393464600254,0.6542483909206369
22,GME230217C00020500,20.5,0.29,2444.0,19.8700008392334,1.4594866016683492,3.170604600693653
23,GME230217C00021000,21.0,0.18,3713.0,19.8700008392334,0.9058882355182858,5.686960810466669
24,GME230217C00021250,21.25,0.16,1205.0,19.8700008392334,0.805233987127365,6.945138915353177
25,GME230217C00021500,21.5,0.11,2407.0,19.8700008392334,0.5535983661500635,8.203317020239686
26,GME230217C00022000,22.0,0.08,4125.0,19.8700008392334,0.4026169935636825,10.7196732300127
27,GME230217C00022500,22.5,0.07,6704.0,19.8700008392334,0.35228986936822226,13.236029439785716
28,GME230217C00023000,23.0,0.06,4273.0,19.8700008392334,0.3019627451727619,15.75238564955873
29,GME230217C00023500,23.5,0.06,1867.0,19.8700008392334,0.3019627451727619,18.26874185933175
30,GME230217C00023750,23.75,0.05,2101.0,19.8700008392334,0.25163562097730163,19.526919964218255
31,GME230217C00024000,24.0,0.05,1982.0,19.8700008392334,0.25163562097730163,20.785098069104766
32,GME230217C00024500,24.5,0.04,1197.0,19.8700008392334,0.20130849678184126,23.30145427887778
33,GME230217C00025000,25.0,0.04,14555.0,19.8700008392334,0.20130849678184126,25.817810488650792
34,GME230217C00025500,25.5,0.04,624.0,19.8700008392334,0.20130849678184126,28.334166698423815
35,GME230217C00026000,26.0,0.02,1422.0,19.8700008392334,0.10065424839092063,30.850522908196826
36,GME230217C00026250,26.25,0.03,1876.0,19.8700008392334,0.15098137258638095,32.10870101308333
37,GME230217C00026500,26.5,0.03,423.0,19.8700008392334,0.15098137258638095,33.366879117969845
38,GME230217C00027000,27.0,0.02,1590.0,19.8700008392334,0.10065424839092063,35.88323532774286
39,GME230217C00027500,27.5,0.03,1091.0,19.8700008392334,0.15098137258638095,38.399591537515875
40,GME230217C00028000,28.0,0.01,2168.0,19.8700008392334,0.050327124195460315,40.9159477472889
41,GME230217C00028500,28.5,0.02,296.0,19.8700008392334,0.10065424839092063,43.432303957061904
42,GME230217C00028750,28.75,0.02,716.0,19.8700008392334,0.10065424839092063,44.690482061948416
43,GME230217C00029000,29.0,0.01,3267.0,19.8700008392334,0.050327124195460315,45.94866016683493
44,GME230217C00030000,30.0,0.02,8646.0,19.8700008392334,0.10065424839092063,50.98137258638096
45,GME230217C00031000,31.0,0.01,677.0,19.8700008392334,0.050327124195460315,56.01408500592699
46,GME230217C00031250,31.25,0.02,611.0,19.8700008392334,0.10065424839092063,57.27226311081349
47,GME230217C00032000,32.0,0.02,423.0,19.8700008392334,0.10065424839092063,61.046797425473024
48,GME230217C00032500,32.5,0.01,1127.0,19.8700008392334,0.050327124195460315,63.56315363524604
49,GME230217C00033000,33.0,0.01,1259.0,19.8700008392334,0.050327124195460315,66.07950984501905
50,GME230217C00033750,33.75,0.01,406.0,19.8700008392334,0.050327124195460315,69.85404415967858
51,GME230217C00034000,34.0,0.01,659.0,19.8700008392334,0.050327124195460315,71.11222226456508
52,GME230217C00035000,35.0,0.01,11112.0,19.8700008392334,0.050327124195460315,76.1449346841111
53,GME230217C00036000,36.0,0.01,722.0,19.8700008392334,0.050327124195460315,81.17764710365715
54,GME230217C00036250,36.25,0.01,389.0,19.8700008392334,0.050327124195460315,82.43582520854366
55,GME230217C00037000,37.0,0.01,314.0,19.8700008392334,0.050327124195460315,86.21035952320318
56,GME230217C00037500,37.5,0.01,1113.0,19.8700008392334,0.050327124195460315,88.72671573297619
57,GME230217C00038000,38.0,0.02,342.0,19.8700008392334,0.10065424839092063,91.24307194274921
58,GME230217C00038750,38.75,0.02,181.0,19.8700008392334,0.10065424839092063,95.01760625740874
59,GME230217C00039000,39.0,0.01,324.0,19.8700008392334,0.050327124195460315,96.27578436229524
60,GME230217C00040000,40.0,0.01,4681.0,19.8700008392334,0.050327124195460315,101.30849678184128
61,GME230217C00041250,41.25,0.01,856.0,19.8700008392334,0.050327124195460315,107.59938730627381
62,GME230217C00042500,42.5,0.01,348.0,19.8700008392334,0.050327124195460315,113.89027783070635
63,GME230217C00043750,43.75,0.01,553.0,19.8700008392334,0.050327124195460315,120.18116835513891
64,GME230217C00045000,45.0,0.01,2050.0,19.8700008392334,0.050327124195460315,126.47205887957142
65,GME230217C00046250,46.25,0.01,379.0,19.8700008392334,0.050327124195460315,132.76294940400396
66,GME230217C00047500,47.5,0.01,254.0,19.8700008392334,0.050327124195460315,139.05383992843653
67,GME230217C00048750,48.75,0.01,775.0,19.8700008392334,0.050327124195460315,145.34473045286904
68,GME230217C00050000,50.0,0.01,6245.0,19.8700008392334,0.050327124195460315,151.63562097730158
69,GME230217C00052500,52.5,0.01,930.0,19.8700008392334,0.050327124195460315,164.21740202616667
70,GME230217C00055000,55.0,0.01,1041.0,19.8700008392334,0.050327124195460315,176.79918307503175
71,GME230217C00057500,57.5,0.01,986.0,19.8700008392334,0.050327124195460315,189.38096412389683
72,GME230217C00060000,60.0,0.01,13177.0,19.8700008392334,0.050327124195460315,201.9627451727619
73,GME230217C00062500,62.5,0.01,973.0,19.8700008392334,0.050327124195460315,214.544526221627
74,GME230217C00065000,65.0,0.01,467.0,19.8700008392334,0.050327124195460315,227.12630727049205
75,GME230217C00067500,67.5,0.01,427.0,19.8700008392334,0.050327124195460315,239.70808831935716
76,GME230217C00070000,70.0,0.01,1653.0,19.8700008392334,0.050327124195460315,252.28986936822224
77,GME230217C00072500,72.5,0.01,496.0,19.8700008392334,0.050327124195460315,264.87165041708727
78,GME230217C00075000,75.0,0.01,857.0,19.8700008392334,0.050327124195460315,277.4534314659524
79,GME230217C00077500,77.5,0.01,1090.0,19.8700008392334,0.050327124195460315,290.0352125148175
80,GME230217C00080000,80.0,0.01,20737.0,19.8700008392334,0.050327124195460315,302.61699356368257
81,GME230217C00095000,95.0,53.56,1.0,19.8700008392334,269.5520771908855,378.10767985687306
82,GME230217C00135000,135.0,41.9,1.0,19.8700008392334,210.87065037897875,579.4161766387143
83,GME230217C00150000,150.0,37.2,1.0,19.8700008392334,187.2169020071124,654.9068629319048
84,GME230217C00155000,155.0,40.0,1.0,19.8700008392334,201.30849678184126,680.070425029635
85,GME230217C00160000,160.0,39.78,8.0,19.8700008392334,200.20130004954115,705.2339871273651
86,GME230217C00165000,165.0,32.4,1.0,19.8700008392334,163.05988239329145,730.3975492250952
87,GME230217C00185000,185.0,28.0,1.0,19.8700008392334,140.9159477472889,831.051797616016
88,GME230217C00190000,190.0,31.06,2.0,19.8700008392334,156.31604775109975,856.215359713746
89,GME230217C00200000,200.0,28.56,3.0,19.8700008392334,143.73426670223466,906.5424839092063
90,GME230217C00240000,240.0,21.48,2.0,19.8700008392334,108.10266277184877,1107.8509806910477
91,GME230217C00300000,300.0,14.0,1.0,19.8700008392334,70.45797387364445,1409.8137258638096
92,GME230224C00002500,2.5,16.84,0.0,19.8700008392334,84.75087714515517,-87.41821895113492
93,GME230224C00010000,10.0,6.73,0.0,19.8700008392334,33.870154583544796,-49.67287580453968
94,GME230224C00011000,11.0,8.3,0.0,19.8700008392334,41.77151308223207,-44.64016338499365
95,GME230224C00013000,13.0,7.97,0.0,19.8700008392334,40.110717983781875,-34.57473854590158
96,GME230224C00014000,14.0,10.01,0.0,19.8700008392334,50.377451319655776,-29.54202612635555
97,GME230224C00014500,14.5,5.06,7.0,19.8700008392334,25.46552484290292,-27.02566991658254
98,GME230224C00015000,15.0,4.35,95.0,19.8700008392334,21.892299025025235,-24.50931370680952
99,GME230224C00015500,15.5,4.9,2.0,19.8700008392334,24.660290855775557,-21.992957497036507
100,GME230224C00016000,16.0,3.4,697.0,19.8700008392334,17.11122222645651,-19.476601287263488
101,GME230224C00016500,16.5,2.88,48.0,19.8700008392334,14.494211768292573,-16.960245077490473
102,GME230224C00017000,17.0,2.75,119.0,19.8700008392334,13.839959153751588,-14.443888867717458
103,GME230224C00017500,17.5,2.2,131.0,19.8700008392334,11.071967323001271,-11.927532657944443
104,GME230224C00018000,18.0,1.69,112.0,19.8700008392334,8.505283989032794,-9.411176448171426
105,GME230224C00018500,18.5,1.65,144.0,19.8700008392334,8.303975492250952,-6.8948202383984105
106,GME230224C00019000,19.0,1.28,1128.0,19.8700008392334,6.44187189701892,-4.378464028625395
107,GME230224C00019500,19.5,1.0,225.0,19.8700008392334,5.032712419546032,-1.862107818852379
108,GME230224C00020000,20.0,0.78,1471.0,19.8700008392334,3.925515687245905,0.6542483909206369
109,GME230224C00020500,20.5,0.62,296.0,19.8700008392334,3.1202817001185394,3.170604600693653
110,GME230224C00021000,21.0,0.49,1144.0,19.8700008392334,2.4660290855775555,5.686960810466669
111,GME230224C00021500,21.5,0.36,517.0,19.8700008392334,1.8117764710365716,8.203317020239686
112,GME230224C00022000,22.0,0.3,612.0,19.8700008392334,1.5098137258638094,10.7196732300127
113,GME230224C00022500,22.5,0.23,2585.0,19.8700008392334,1.1575238564955874,13.236029439785716
114,GME230224C00023000,23.0,0.18,908.0,19.8700008392334,0.9058882355182858,15.75238564955873
115,GME230224C00023500,23.5,0.14,309.0,19.8700008392334,0.7045797387364445,18.26874185933175
116,GME230224C00024000,24.0,0.13,1362.0,19.8700008392334,0.6542526145409842,20.785098069104766
117,GME230224C00024500,24.5,0.11,131.0,19.8700008392334,0.5535983661500635,23.30145427887778
118,GME230224C00025000,25.0,0.1,3257.0,19.8700008392334,0.5032712419546033,25.817810488650792
119,GME230224C00025500,25.5,0.09,119.0,19.8700008392334,0.4529441177591429,28.334166698423815
120,GME230224C00026000,26.0,0.09,700.0,19.8700008392334,0.4529441177591429,30.850522908196826
121,GME230224C00026500,26.5,0.09,161.0,19.8700008392334,0.4529441177591429,33.366879117969845
122,GME230224C00027000,27.0,0.07,441.0,19.8700008392334,0.35228986936822226,35.88323532774286
123,GME230224C00027500,27.5,0.09,147.0,19.8700008392334,0.4529441177591429,38.399591537515875
124,GME230224C00028000,28.0,0.06,636.0,19.8700008392334,0.3019627451727619,40.9159477472889
125,GME230224C00028500,28.5,0.1,72.0,19.8700008392334,0.5032712419546033,43.432303957061904
126,GME230224C00029000,29.0,0.05,339.0,19.8700008392334,0.25163562097730163,45.94866016683493
127,GME230224C00030000,30.0,0.05,1545.0,19.8700008392334,0.25163562097730163,50.98137258638096
128,GME230224C00031000,31.0,0.03,985.0,19.8700008392334,0.15098137258638095,56.01408500592699
129,GME230224C00032000,32.0,0.06,601.0,19.8700008392334,0.3019627451727619,61.046797425473024
130,GME230224C00033000,33.0,0.06,486.0,19.8700008392334,0.3019627451727619,66.07950984501905
131,GME230224C00034000,34.0,0.05,357.0,19.8700008392334,0.25163562097730163,71.11222226456508
132,GME230224C00035000,35.0,0.03,865.0,19.8700008392334,0.15098137258638095,76.1449346841111
133,GME230224C00036000,36.0,0.05,215.0,19.8700008392334,0.25163562097730163,81.17764710365715
134,GME230224C00037000,37.0,0.05,259.0,19.8700008392334,0.25163562097730163,86.21035952320318
135,GME230224C00038000,38.0,0.02,293.0,19.8700008392334,0.10065424839092063,91.24307194274921
136,GME230224C00039000,39.0,0.02,213.0,19.8700008392334,0.10065424839092063,96.27578436229524
137,GME230224C00040000,40.0,0.03,1672.0,19.8700008392334,0.15098137258638095,101.30849678184128
138,GME230303C00005000,5.0,16.95,0.0,19.8700008392334,85.30447551130523,-74.83643790226984
139,GME230303C00007500,7.5,13.57,,19.8700008392334,68.29390753323965,-62.25465685340477
140,GME230303C00010000,10.0,11.07,,19.8700008392334,55.71212648437457,-49.67287580453968
141,GME230303C00015000,15.0,6.0,0.0,19.8700008392334,30.19627451727619,-24.50931370680952
142,GME230303C00015500,15.5,7.39,1.0,19.8700008392334,37.19174478044518,-21.992957497036507
143,GME230303C00016000,16.0,4.0,3.0,19.8700008392334,20.130849678184127,-19.476601287263488
144,GME230303C00016500,16.5,3.0,4.0,19.8700008392334,15.098137258638095,-16.960245077490473
145,GME230303C00017000,17.0,2.59,19.0,19.8700008392334,13.034725166624222,-14.443888867717458
146,GME230303C00017500,17.5,2.2,29.0,19.8700008392334,11.071967323001271,-11.927532657944443
147,GME230303C00018000,18.0,1.86,270.0,19.8700008392334,9.360845100355618,-9.411176448171426
148,GME230303C00018500,18.5,1.67,14.0,19.8700008392334,8.404629740641873,-6.8948202383984105
149,GME230303C00019000,19.0,1.39,127.0,19.8700008392334,6.995470263168984,-4.378464028625395
150,GME230303C00019500,19.5,1.16,132.0,19.8700008392334,5.837946406673397,-1.862107818852379
151,GME230303C00020000,20.0,1.13,266.0,19.8700008392334,5.686965034087015,0.6542483909206369
152,GME230303C00020500,20.5,0.94,109.0,19.8700008392334,4.7307496743732695,3.170604600693653
153,GME230303C00021000,21.0,0.8,543.0,19.8700008392334,4.026169935636826,5.686960810466669
154,GME230303C00021500,21.5,0.55,311.0,19.8700008392334,2.7679918307503177,8.203317020239686
155,GME230303C00022000,22.0,0.51,722.0,19.8700008392334,2.5666833339684763,10.7196732300127
156,GME230303C00022500,22.5,0.4,244.0,19.8700008392334,2.013084967818413,13.236029439785716
157,GME230303C00023000,23.0,0.37,514.0,19.8700008392334,1.8621035952320317,15.75238564955873
158,GME230303C00023500,23.5,0.31,173.0,19.8700008392334,1.5601408500592697,18.26874185933175
159,GME230303C00024000,24.0,0.27,407.0,19.8700008392334,1.3588323532774287,20.785098069104766
160,GME230303C00025000,25.0,0.21,928.0,19.8700008392334,1.0568696081046667,25.817810488650792
161,GME230303C00026000,26.0,0.16,312.0,19.8700008392334,0.805233987127365,30.850522908196826
162,GME230303C00027000,27.0,0.13,429.0,19.8700008392334,0.6542526145409842,35.88323532774286
163,GME230303C00028000,28.0,0.13,440.0,19.8700008392334,0.6542526145409842,40.9159477472889
164,GME230303C00029000,29.0,0.09,526.0,19.8700008392334,0.4529441177591429,45.94866016683493
165,GME230303C00030000,30.0,0.1,1878.0,19.8700008392334,0.5032712419546033,50.98137258638096
166,GME230303C00031000,31.0,0.1,188.0,19.8700008392334,0.5032712419546033,56.01408500592699
167,GME230303C00032000,32.0,0.08,170.0,19.8700008392334,0.4026169935636825,61.046797425473024
168,GME230303C00033000,33.0,0.06,233.0,19.8700008392334,0.3019627451727619,66.07950984501905
169,GME230303C00034000,34.0,0.1,168.0,19.8700008392334,0.5032712419546033,71.11222226456508
170,GME230303C00035000,35.0,0.06,470.0,19.8700008392334,0.3019627451727619,76.1449346841111
171,GME230303C00036000,36.0,0.05,190.0,19.8700008392334,0.25163562097730163,81.17764710365715
172,GME230303C00037000,37.0,0.08,343.0,19.8700008392334,0.4026169935636825,86.21035952320318
173,GME230303C00038000,38.0,0.05,308.0,19.8700008392334,0.25163562097730163,91.24307194274921
174,GME230303C00039000,39.0,0.04,197.0,19.8700008392334,0.20130849678184126,96.27578436229524
175,GME230303C00040000,40.0,0.05,1550.0,19.8700008392334,0.25163562097730163,101.30849678184128
176,GME230310C00005000,5.0,18.25,0.0,19.8700008392334,91.84700165671508,-74.83643790226984
177,GME230310C00010000,10.0,11.85,0.0,19.8700008392334,59.63764217162048,-49.67287580453968
178,GME230310C00015000,15.0,4.85,1.0,19.8700008392334,24.408655234798253,-24.50931370680952
179,GME230310C00016000,16.0,3.87,25.0,19.8700008392334,19.476597063643144,-19.476601287263488
180,GME230310C00016500,16.5,3.79,2.0,19.8700008392334,19.07398007007946,-16.960245077490473
181,GME230310C00017000,17.0,2.95,17.0,19.8700008392334,14.846501637660795,-14.443888867717458
182,GME230310C00017500,17.5,2.74,10.0,19.8700008392334,13.78963202955613,-11.927532657944443
183,GME230310C00018000,18.0,2.19,14.0,19.8700008392334,11.02164019880581,-9.411176448171426
184,GME230310C00018500,18.5,2.16,517.0,19.8700008392334,10.87065882621943,-6.8948202383984105
185,GME230310C00019000,19.0,1.62,24.0,19.8700008392334,8.152994119664573,-4.378464028625395
186,GME230310C00019500,19.5,1.6,42.0,19.8700008392334,8.052339871273652,-1.862107818852379
187,GME230310C00020000,20.0,1.32,129.0,19.8700008392334,6.643180393800763,0.6542483909206369
188,GME230310C00020500,20.5,0.99,57.0,19.8700008392334,4.982385295350571,3.170604600693653
189,GME230310C00021000,21.0,1.0,70.0,19.8700008392334,5.032712419546032,5.686960810466669
190,GME230310C00021500,21.5,0.75,67.0,19.8700008392334,3.774534314659524,8.203317020239686
191,GME230310C00022000,22.0,0.64,272.0,19.8700008392334,3.22093594850946,10.7196732300127
192,GME230310C00022500,22.5,0.56,87.0,19.8700008392334,2.818318954945778,13.236029439785716
193,GME230310C00023000,23.0,0.53,195.0,19.8700008392334,2.667337582359397,15.75238564955873
194,GME230310C00023500,23.5,0.59,220.0,19.8700008392334,2.969300327532159,18.26874185933175
195,GME230310C00024000,24.0,0.41,202.0,19.8700008392334,2.063412092013873,20.785098069104766
196,GME230310C00024500,24.5,0.37,81.0,19.8700008392334,1.8621035952320317,23.30145427887778
197,GME230310C00025000,25.0,0.35,176.0,19.8700008392334,1.761449346841111,25.817810488650792
198,GME230310C00025500,25.5,0.31,41.0,19.8700008392334,1.5601408500592697,28.334166698423815
199,GME230310C00026000,26.0,0.24,356.0,19.8700008392334,1.2078509806910476,30.850522908196826
200,GME230310C00027000,27.0,0.22,128.0,19.8700008392334,1.107196732300127,35.88323532774286
201,GME230310C00028000,28.0,0.18,94.0,19.8700008392334,0.9058882355182858,40.9159477472889
202,GME230310C00029000,29.0,0.16,112.0,19.8700008392334,0.805233987127365,45.94866016683493
203,GME230310C00030000,30.0,0.16,276.0,19.8700008392334,0.805233987127365,50.98137258638096
204,GME230310C00031000,31.0,0.15,42.0,19.8700008392334,0.7549068629319047,56.01408500592699
205,GME230310C00032000,32.0,0.23,241.0,19.8700008392334,1.1575238564955874,61.046797425473024
206,GME230310C00033000,33.0,0.25,8.0,19.8700008392334,1.258178104886508,66.07950984501905
207,GME230310C00034000,34.0,0.11,24.0,19.8700008392334,0.5535983661500635,71.11222226456508
208,GME230310C00035000,35.0,0.09,110.0,19.8700008392334,0.4529441177591429,76.1449346841111
209,GME230310C00036000,36.0,0.11,68.0,19.8700008392334,0.5535983661500635,81.17764710365715
210,GME230310C00037000,37.0,0.11,131.0,19.8700008392334,0.5535983661500635,86.21035952320318
211,GME230310C00038000,38.0,0.1,70.0,19.8700008392334,0.5032712419546033,91.24307194274921
212,GME230310C00039000,39.0,0.13,14.0,19.8700008392334,0.6542526145409842,96.27578436229524
213,GME230310C00040000,40.0,0.07,348.0,19.8700008392334,0.35228986936822226,101.30849678184128
214,GME230317C00003000,3.0,16.41,10.0,19.8700008392334,82.58681080475039,-84.9018627413619
215,GME230317C00005000,5.0,18.0,0.0,19.8700008392334,90.58882355182857,-74.83643790226984
216,GME230317C00010000,10.0,12.5,12.0,19.8700008392334,62.908905244325396,-49.67287580453968
217,GME230317C00011000,11.0,9.3,0.0,19.8700008392334,46.8042255017781,-44.64016338499365
218,GME230317C00012000,12.0,11.37,0.0,19.8700008392334,57.22194021023837,-39.60745096544762
219,GME230317C00013000,13.0,7.24,18.0,19.8700008392334,36.43683791751327,-34.57473854590158
220,GME230317C00014000,14.0,5.95,9.0,19.8700008392334,29.94463889629889,-29.54202612635555
221,GME230317C00015000,15.0,4.6,363.0,19.8700008392334,23.150477129911746,-24.50931370680952
222,GME230317C00016000,16.0,3.64,373.0,19.8700008392334,18.319073207147557,-19.476601287263488
223,GME230317C00017000,17.0,3.6,881.0,19.8700008392334,18.117764710365716,-14.443888867717458
224,GME230317C00018000,18.0,2.85,1088.0,19.8700008392334,14.343230395706192,-9.411176448171426
225,GME230317C00019000,19.0,2.35,992.0,19.8700008392334,11.826874185933175,-4.378464028625395
226,GME230317C00020000,20.0,1.79,3796.0,19.8700008392334,9.008555230987398,0.6542483909206369
227,GME230317C00021000,21.0,1.44,1499.0,19.8700008392334,7.247105884146286,5.686960810466669
228,GME230317C00022000,22.0,1.15,2588.0,19.8700008392334,5.7876192824779364,10.7196732300127
229,GME230317C00023000,23.0,0.93,2188.0,19.8700008392334,4.680422550177809,15.75238564955873
230,GME230317C00024000,24.0,0.75,2847.0,19.8700008392334,3.774534314659524,20.785098069104766
231,GME230317C00025000,25.0,0.63,10835.0,19.8700008392334,3.1706088243140003,25.817810488650792
232,GME230317C00026000,26.0,0.49,2500.0,19.8700008392334,2.4660290855775555,30.850522908196826
233,GME230317C00027000,27.0,0.44,2107.0,19.8700008392334,2.214393464600254,35.88323532774286
234,GME230317C00028000,28.0,0.36,1232.0,19.8700008392334,1.8117764710365716,40.9159477472889
235,GME230317C00029000,29.0,0.28,558.0,19.8700008392334,1.409159477472889,45.94866016683493
236,GME230317C00030000,30.0,0.28,6795.0,19.8700008392334,1.409159477472889,50.98137258638096
237,GME230317C00031000,31.0,0.3,283.0,19.8700008392334,1.5098137258638094,56.01408500592699
238,GME230317C00032000,32.0,0.22,516.0,19.8700008392334,1.107196732300127,61.046797425473024
239,GME230317C00033000,33.0,0.19,161.0,19.8700008392334,0.9562153597137462,66.07950984501905
240,GME230317C00034000,34.0,0.18,253.0,19.8700008392334,0.9058882355182858,71.11222226456508
241,GME230317C00035000,35.0,0.18,3034.0,19.8700008392334,0.9058882355182858,76.1449346841111
242,GME230317C00036000,36.0,0.17,374.0,19.8700008392334,0.8555611113228254,81.17764710365715
243,GME230317C00037000,37.0,0.21,215.0,19.8700008392334,1.0568696081046667,86.21035952320318
244,GME230317C00038000,38.0,0.18,174.0,19.8700008392334,0.9058882355182858,91.24307194274921
245,GME230317C00039000,39.0,0.13,129.0,19.8700008392334,0.6542526145409842,96.27578436229524
246,GME230317C00040000,40.0,0.12,2026.0,19.8700008392334,0.6039254903455238,101.30849678184128
247,GME230317C00041000,41.0,0.11,271.0,19.8700008392334,0.5535983661500635,106.3412092013873
248,GME230317C00042000,42.0,0.11,161.0,19.8700008392334,0.5535983661500635,111.37392162093333
249,GME230317C00043000,43.0,0.13,122.0,19.8700008392334,0.6542526145409842,116.40663404047937
250,GME230317C00044000,44.0,0.1,35.0,19.8700008392334,0.5032712419546033,121.4393464600254
251,GME230317C00045000,45.0,0.1,562.0,19.8700008392334,0.5032712419546033,126.47205887957142
252,GME230317C00046000,46.0,0.33,45.0,19.8700008392334,1.6607950984501907,131.50477129911746
253,GME230317C00047000,47.0,0.09,34.0,19.8700008392334,0.4529441177591429,136.5374837186635
254,GME230317C00048000,48.0,0.16,81.0,19.8700008392334,0.805233987127365,141.57019613820952
255,GME230317C00049000,49.0,0.08,46.0,19.8700008392334,0.4026169935636825,146.60290855775554
256,GME230317C00050000,50.0,0.08,1885.0,19.8700008392334,0.4026169935636825,151.63562097730158
257,GME230317C00055000,55.0,0.06,317.0,19.8700008392334,0.3019627451727619,176.79918307503175
258,GME230317C00060000,60.0,0.06,2172.0,19.8700008392334,0.3019627451727619,201.9627451727619
259,GME230317C00065000,65.0,0.04,5124.0,19.8700008392334,0.20130849678184126,227.12630727049205
260,GME230324C00016000,16.0,4.03,4.0,19.8700008392334,20.28183105077051,-19.476601287263488
261,GME230324C00017000,17.0,3.8,7.0,19.8700008392334,19.12430719427492,-14.443888867717458
262,GME230324C00017500,17.5,4.15,,19.8700008392334,20.885756541116034,-11.927532657944443
263,GME230324C00018500,18.5,4.6,71.0,19.8700008392334,23.150477129911746,-6.8948202383984105
264,GME230324C00019000,19.0,2.48,19.0,19.8700008392334,12.481126800474158,-4.378464028625395
265,GME230324C00019500,19.5,2.1,5.0,19.8700008392334,10.568696081046667,-1.862107818852379
266,GME230324C00020000,20.0,2.09,46.0,19.8700008392334,10.518368956851205,0.6542483909206369
267,GME230324C00020500,20.5,2.05,24.0,19.8700008392334,10.317060460069365,3.170604600693653
268,GME230324C00021000,21.0,1.69,18.0,19.8700008392334,8.505283989032794,5.686960810466669
269,GME230324C00021500,21.5,1.58,71.0,19.8700008392334,7.95168562288273,8.203317020239686
270,GME230324C00022000,22.0,1.54,44.0,19.8700008392334,7.750377126100889,10.7196732300127
271,GME230324C00022500,22.5,1.25,25.0,19.8700008392334,6.290890524432539,13.236029439785716
272,GME230324C00023000,23.0,1.26,157.0,19.8700008392334,6.3412176486280005,15.75238564955873
273,GME230324C00023500,23.5,1.11,25.0,19.8700008392334,5.586310785696096,18.26874185933175
274,GME230324C00024000,24.0,1.07,34.0,19.8700008392334,5.385002288914254,20.785098069104766
275,GME230324C00024500,24.5,1.01,31.0,19.8700008392334,5.083039543741492,23.30145427887778
276,GME230324C00025000,25.0,0.85,233.0,19.8700008392334,4.277805556614127,25.817810488650792
277,GME230324C00025500,25.5,1.05,52.0,19.8700008392334,5.284348040523334,28.334166698423815
278,GME230324C00026000,26.0,0.93,12.0,19.8700008392334,4.680422550177809,30.850522908196826
279,GME230324C00026500,26.5,1.25,5.0,19.8700008392334,6.290890524432539,33.366879117969845
280,GME230324C00027000,27.0,0.65,34.0,19.8700008392334,3.2712630727049206,35.88323532774286
281,GME230324C00028000,28.0,0.49,33.0,19.8700008392334,2.4660290855775555,40.9159477472889
282,GME230324C00029000,29.0,1.05,28.0,19.8700008392334,5.284348040523334,45.94866016683493
283,GME230324C00030000,30.0,0.43,125.0,19.8700008392334,2.1640663404047933,50.98137258638096
284,GME230324C00031000,31.0,0.5,220.0,19.8700008392334,2.516356209773016,56.01408500592699
285,GME230324C00032000,32.0,0.32,15.0,19.8700008392334,1.61046797425473,61.046797425473024
286,GME230324C00033000,33.0,0.33,10.0,19.8700008392334,1.6607950984501907,66.07950984501905
287,GME230324C00034000,34.0,0.34,21.0,19.8700008392334,1.7111222226456508,71.11222226456508
288,GME230324C00035000,35.0,0.24,159.0,19.8700008392334,1.2078509806910476,76.1449346841111
289,GME230331C00015000,15.0,5.49,8.0,19.8700008392334,27.629591183307717,-24.50931370680952
290,GME230331C00020000,20.0,2.31,8.0,19.8700008392334,11.625565689151333,0.6542483909206369
291,GME230331C00020500,20.5,2.19,12.0,19.8700008392334,11.02164019880581,3.170604600693653
292,GME230331C00021500,21.5,1.77,5.0,19.8700008392334,8.907900982596477,8.203317020239686
293,GME230331C00022000,22.0,1.55,6.0,19.8700008392334,7.800704250296349,10.7196732300127
294,GME230331C00023000,23.0,1.26,32.0,19.8700008392334,6.3412176486280005,15.75238564955873
295,GME230331C00024000,24.0,1.1,2.0,19.8700008392334,5.5359836615006355,20.785098069104766
296,GME230331C00025000,25.0,0.93,13.0,19.8700008392334,4.680422550177809,25.817810488650792
297,GME230331C00025500,25.5,1.04,5.0,19.8700008392334,5.234020916327873,28.334166698423815
298,GME230331C00026000,26.0,0.85,3.0,19.8700008392334,4.277805556614127,30.850522908196826
299,GME230331C00026500,26.5,1.03,1.0,19.8700008392334,5.183693792132413,33.366879117969845
300,GME230331C00027000,27.0,0.89,1.0,19.8700008392334,4.479114053395969,35.88323532774286
301,GME230331C00030000,30.0,0.55,41.0,19.8700008392334,2.7679918307503177,50.98137258638096
302,GME230331C00032000,32.0,0.37,28.0,19.8700008392334,1.8621035952320317,61.046797425473024
303,GME230421C00003000,3.0,18.7,0.0,19.8700008392334,94.11172224551079,-84.9018627413619
304,GME230421C00010000,10.0,9.75,4.0,19.8700008392334,49.06894609057381,-49.67287580453968
305,GME230421C00011250,11.25,8.0,62.0,19.8700008392334,40.261699356368254,-43.381985280107145
306,GME230421C00012500,12.5,6.85,825.0,19.8700008392334,34.47408007389032,-37.091094755674604
307,GME230421C00013750,13.75,6.3,22.0,19.8700008392334,31.70608824314,-30.800204231242063
308,GME230421C00015000,15.0,5.0,409.0,19.8700008392334,25.163562097730157,-24.50931370680952
309,GME230421C00016250,16.25,4.17,192.0,19.8700008392334,20.98641078950695,-18.218423182376984
310,GME230421C00017500,17.5,3.9,205.0,19.8700008392334,19.627578436229523,-11.927532657944443
311,GME230421C00018750,18.75,2.99,370.0,19.8700008392334,15.047810134442635,-5.636642133511903
312,GME230421C00020000,20.0,2.69,3273.0,19.8700008392334,13.537996408578826,0.6542483909206369
313,GME230421C00021250,21.25,2.18,426.0,19.8700008392334,10.97131307461035,6.945138915353177
314,GME230421C00022500,22.5,1.85,1040.0,19.8700008392334,9.31051797616016,13.236029439785716
315,GME230421C00023750,23.75,1.54,823.0,19.8700008392334,7.750377126100889,19.526919964218255
316,GME230421C00025000,25.0,1.34,2475.0,19.8700008392334,6.7438346421916835,25.817810488650792
317,GME230421C00026250,26.25,1.09,597.0,19.8700008392334,5.485656537305175,32.10870101308333
318,GME230421C00027500,27.5,0.9,3775.0,19.8700008392334,4.529441177591429,38.399591537515875
319,GME230421C00028750,28.75,1.04,520.0,19.8700008392334,5.234020916327873,44.690482061948416
320,GME230421C00030000,30.0,0.74,3445.0,19.8700008392334,3.7242071904640635,50.98137258638096
321,GME230421C00031250,31.25,0.67,95.0,19.8700008392334,3.3719173210958417,57.27226311081349
322,GME230421C00032500,32.5,0.59,427.0,19.8700008392334,2.969300327532159,63.56315363524604
323,GME230421C00033750,33.75,0.53,190.0,19.8700008392334,2.667337582359397,69.85404415967858
324,GME230421C00035000,35.0,0.49,877.0,19.8700008392334,2.4660290855775555,76.1449346841111
325,GME230421C00036250,36.25,0.43,116.0,19.8700008392334,2.1640663404047933,82.43582520854366
326,GME230421C00037500,37.5,0.4,1069.0,19.8700008392334,2.013084967818413,88.72671573297619
327,GME230421C00038750,38.75,0.35,36.0,19.8700008392334,1.761449346841111,95.01760625740874
328,GME230421C00040000,40.0,0.33,1197.0,19.8700008392334,1.6607950984501907,101.30849678184128
329,GME230421C00041250,41.25,0.4,124.0,19.8700008392334,2.013084967818413,107.59938730627381
330,GME230421C00042500,42.5,0.33,94.0,19.8700008392334,1.6607950984501907,113.89027783070635
331,GME230421C00043750,43.75,0.28,86.0,19.8700008392334,1.409159477472889,120.18116835513891
332,GME230421C00045000,45.0,0.24,720.0,19.8700008392334,1.2078509806910476,126.47205887957142
333,GME230421C00046250,46.25,0.36,91.0,19.8700008392334,1.8117764710365716,132.76294940400396
334,GME230421C00047500,47.5,0.4,112.0,19.8700008392334,2.013084967818413,139.05383992843653
335,GME230421C00048750,48.75,0.22,96.0,19.8700008392334,1.107196732300127,145.34473045286904
336,GME230421C00050000,50.0,0.19,1461.0,19.8700008392334,0.9562153597137462,151.63562097730158
337,GME230421C00052500,52.5,0.22,253.0,19.8700008392334,1.107196732300127,164.21740202616667
338,GME230421C00055000,55.0,0.21,181.0,19.8700008392334,1.0568696081046667,176.79918307503175
339,GME230421C00057500,57.5,0.44,39.0,19.8700008392334,2.214393464600254,189.38096412389683
340,GME230421C00060000,60.0,0.14,239.0,19.8700008392334,0.7045797387364445,201.9627451727619
341,GME230421C00062500,62.5,0.35,125.0,19.8700008392334,1.761449346841111,214.544526221627
342,GME230421C00065000,65.0,0.18,34.0,19.8700008392334,0.9058882355182858,227.12630727049205
343,GME230421C00067500,67.5,0.11,167.0,19.8700008392334,0.5535983661500635,239.70808831935716
344,GME230421C00070000,70.0,0.15,153.0,19.8700008392334,0.7549068629319047,252.28986936822224
345,GME230421C00072500,72.5,0.37,63.0,19.8700008392334,1.8621035952320317,264.87165041708727
346,GME230421C00075000,75.0,0.12,7573.0,19.8700008392334,0.6039254903455238,277.4534314659524
347,GME230421C00077500,77.5,0.09,744.0,19.8700008392334,0.4529441177591429,290.0352125148175
348,GME230421C00080000,80.0,0.09,2577.0,19.8700008392334,0.4529441177591429,302.61699356368257
349,GME230421C00085000,85.0,0.08,4699.0,19.8700008392334,0.4026169935636825,327.78055566141273
350,GME230421C00090000,90.0,66.0,22.0,19.8700008392334,332.1590196900381,352.94411775914284
351,GME230421C00095000,95.0,51.03,29.0,19.8700008392334,256.819314769434,378.10767985687306
352,GME230421C00100000,100.0,61.92,11.0,19.8700008392334,311.6255530182903,403.27124195460317
353,GME230421C00105000,105.0,40.65,2.0,19.8700008392334,204.57975985454618,428.43480405233333
354,GME230421C00110000,110.0,50.3,3.0,19.8700008392334,253.14543470316536,453.59836615006344
355,GME230421C00115000,115.0,50.0,50.0,19.8700008392334,251.63562097730158,478.76192824779366
356,GME230421C00120000,120.0,45.52,27.0,19.8700008392334,229.0890693377354,503.9254903455238
357,GME230421C00125000,125.0,43.65,10.0,19.8700008392334,219.67789711318426,529.089052443254
358,GME230421C00130000,130.0,50.0,17.0,19.8700008392334,251.63562097730158,554.2526145409842
359,GME230421C00135000,135.0,50.75,33.0,19.8700008392334,255.4101552919611,579.4161766387143
360,GME230421C00140000,140.0,42.61,23.0,19.8700008392334,214.44387619685642,604.5797387364445
361,GME230421C00145000,145.0,38.3,10.0,19.8700008392334,192.752885668613,629.7433008341745
362,GME230421C00150000,150.0,40.0,23.0,19.8700008392334,201.30849678184126,654.9068629319048
363,GME230421C00155000,155.0,40.12,4.0,19.8700008392334,201.91242227218677,680.070425029635
364,GME230421C00160000,160.0,39.15,5.0,19.8700008392334,197.03069122522714,705.2339871273651
365,GME230421C00165000,165.0,41.85,3.0,19.8700008392334,210.6190147580014,730.3975492250952
366,GME230421C00170000,170.0,36.55,2.0,19.8700008392334,183.94563893440744,755.5611113228255
367,GME230421C00175000,175.0,36.5,5.0,19.8700008392334,183.69400331343016,780.7246734205556
368,GME230421C00180000,180.0,35.5,4.0,19.8700008392334,178.66129089388414,805.8882355182858
369,GME230421C00185000,185.0,28.0,5.0,19.8700008392334,140.9159477472889,831.051797616016
370,GME230421C00190000,190.0,20.3,2.0,19.8700008392334,102.16406211678446,856.215359713746
371,GME230421C00195000,195.0,30.5,2.0,19.8700008392334,153.49772879615398,881.3789218114762
372,GME230421C00200000,200.0,31.5,168.0,19.8700008392334,158.53044121570002,906.5424839092063
373,GME230421C00210000,210.0,31.0,24.0,19.8700008392334,156.014085005927,956.8696081046667
374,GME230421C00220000,220.0,25.0,6.0,19.8700008392334,125.81781048865079,1007.1967323001269
375,GME230421C00230000,230.0,25.1,2.0,19.8700008392334,126.32108173060541,1057.5238564955873
376,GME230421C00240000,240.0,23.95,2.0,19.8700008392334,120.53346244812747,1107.8509806910477
377,GME230421C00250000,250.0,24.82,9.0,19.8700008392334,124.9119222531325,1158.178104886508
378,GME230421C00260000,260.0,23.0,0.0,19.8700008392334,115.75238564955875,1208.5052290819683
379,GME230421C00270000,270.0,21.7,1.0,19.8700008392334,109.2098595041489,1258.8323532774286
380,GME230421C00280000,280.0,18.4,7.0,19.8700008392334,92.60190851964698,1309.159477472889
381,GME230421C00290000,290.0,17.5,21.0,19.8700008392334,88.07246734205556,1359.486601668349
382,GME230421C00300000,300.0,17.0,1648.0,19.8700008392334,85.55611113228254,1409.8137258638096
383,GME230421C00310000,310.0,21.5,1.0,19.8700008392334,108.20331702023968,1460.14085005927
384,GME230421C00320000,320.0,15.2,2.0,19.8700008392334,76.49722877709968,1510.4679742547303
385,GME230519C00003000,3.0,16.35,1.0,19.8700008392334,82.28484805957763,-84.9018627413619
386,GME230519C00006250,6.25,12.25,4.0,19.8700008392334,61.650727139438885,-68.5455473778373
387,GME230519C00007500,7.5,13.7,19.0,19.8700008392334,68.94816014778064,-62.25465685340477
388,GME230519C00008750,8.75,8.75,3.0,19.8700008392334,44.03623367102778,-55.96376632897222
389,GME230519C00010000,10.0,13.0,39.0,19.8700008392334,65.42526145409842,-49.67287580453968
390,GME230519C00011250,11.25,11.5,1.0,19.8700008392334,57.87619282477937,-43.381985280107145
391,GME230519C00012500,12.5,7.0,14.0,19.8700008392334,35.228986936822224,-37.091094755674604
392,GME230519C00013750,13.75,6.4,16.0,19.8700008392334,32.20935948509461,-30.800204231242063
393,GME230519C00015000,15.0,5.5,389.0,19.8700008392334,27.679918307503176,-24.50931370680952
394,GME230519C00016250,16.25,4.6,77.0,19.8700008392334,23.150477129911746,-18.218423182376984
395,GME230519C00017500,17.5,4.0,165.0,19.8700008392334,20.130849678184127,-11.927532657944443
396,GME230519C00018750,18.75,3.38,174.0,19.8700008392334,17.010567978065588,-5.636642133511903
397,GME230519C00020000,20.0,3.2,477.0,19.8700008392334,16.104679742547304,0.6542483909206369
398,GME230519C00021250,21.25,2.55,191.0,19.8700008392334,12.833416669842379,6.945138915353177
399,GME230519C00022500,22.5,2.29,182.0,19.8700008392334,11.524911440760413,13.236029439785716
400,GME230519C00023750,23.75,1.95,159.0,19.8700008392334,9.813789218114762,19.526919964218255
401,GME230519C00025000,25.0,1.64,2187.0,19.8700008392334,8.253648368055492,25.817810488650792
402,GME230519C00026250,26.25,2.21,815.0,19.8700008392334,11.12229444719673,32.10870101308333
403,GME230519C00027500,27.5,1.33,162.0,19.8700008392334,6.693507517996222,38.399591537515875
404,GME230519C00028750,28.75,2.75,56.0,19.8700008392334,13.839959153751588,44.690482061948416
405,GME230519C00030000,30.0,1.05,440.0,19.8700008392334,5.284348040523334,50.98137258638096
406,GME230519C00031250,31.25,1.0,38.0,19.8700008392334,5.032712419546032,57.27226311081349
407,GME230519C00032500,32.5,1.0,18.0,19.8700008392334,5.032712419546032,63.56315363524604
408,GME230519C00033750,33.75,2.0,20.0,19.8700008392334,10.065424839092064,69.85404415967858
409,GME230519C00035000,35.0,0.69,230.0,19.8700008392334,3.472571569486762,76.1449346841111
410,GME230519C00036250,36.25,1.18,36.0,19.8700008392334,5.938600655064318,82.43582520854366
411,GME230519C00037500,37.5,0.65,63.0,19.8700008392334,3.2712630727049206,88.72671573297619
412,GME230519C00038750,38.75,0.65,44.0,19.8700008392334,3.2712630727049206,95.01760625740874
413,GME230519C00040000,40.0,0.5,211.0,19.8700008392334,2.516356209773016,101.30849678184128
414,GME230519C00041250,41.25,1.05,58.0,19.8700008392334,5.284348040523334,107.59938730627381
415,GME230519C00042500,42.5,0.68,40.0,19.8700008392334,3.4222444452913017,113.89027783070635
416,GME230519C00043750,43.75,0.84,632.0,19.8700008392334,4.227478432418667,120.18116835513891
417,GME230519C00045000,45.0,0.39,128.0,19.8700008392334,1.9627578436229525,126.47205887957142
418,GME230519C00046250,46.25,1.12,120.0,19.8700008392334,5.636637909891556,132.76294940400396
419,GME230519C00047500,47.5,0.8,47.0,19.8700008392334,4.026169935636826,139.05383992843653
420,GME230519C00048750,48.75,0.79,25.0,19.8700008392334,3.975842811441365,145.34473045286904
421,GME230519C00050000,50.0,0.28,272.0,19.8700008392334,1.409159477472889,151.63562097730158
422,GME230519C00052500,52.5,0.44,55.0,19.8700008392334,2.214393464600254,164.21740202616667
423,GME230519C00055000,55.0,0.43,52.0,19.8700008392334,2.1640663404047933,176.79918307503175
424,GME230519C00057500,57.5,0.54,68.0,19.8700008392334,2.7176647065548574,189.38096412389683
425,GME230519C00060000,60.0,0.25,454.0,19.8700008392334,1.258178104886508,201.9627451727619
426,GME230519C00062500,62.5,0.5,28.0,19.8700008392334,2.516356209773016,214.544526221627
427,GME230519C00065000,65.0,0.18,143.0,19.8700008392334,0.9058882355182858,227.12630727049205
428,GME230519C00067500,67.5,0.69,34.0,19.8700008392334,3.472571569486762,239.70808831935716
429,GME230519C00070000,70.0,0.17,178.0,19.8700008392334,0.8555611113228254,252.28986936822224
430,GME230519C00072500,72.5,0.35,36.0,19.8700008392334,1.761449346841111,264.87165041708727
431,GME230519C00075000,75.0,0.18,2160.0,19.8700008392334,0.9058882355182858,277.4534314659524
432,GME230519C00077500,77.5,0.34,168.0,19.8700008392334,1.7111222226456508,290.0352125148175
433,GME230519C00080000,80.0,0.15,841.0,19.8700008392334,0.7549068629319047,302.61699356368257
434,GME230519C00130000,130.0,48.9,1.0,19.8700008392334,246.09963731580095,554.2526145409842
435,GME230519C00150000,150.0,48.07,1.0,19.8700008392334,241.92248600757776,654.9068629319048
436,GME230519C00300000,300.0,19.94,500.0,19.8700008392334,100.35228564574787,1409.8137258638096
437,GME230616C00003000,3.0,19.0,0.0,19.8700008392334,95.6215359713746,-84.9018627413619
438,GME230616C00005000,5.0,15.5,4.0,19.8700008392334,78.0070425029635,-74.83643790226984
439,GME230616C00010000,10.0,9.4,25.0,19.8700008392334,47.3074967437327,-49.67287580453968
440,GME230616C00012000,12.0,9.7,6.0,19.8700008392334,48.81731046959651,-39.60745096544762
441,GME230616C00013000,13.0,8.0,0.0,19.8700008392334,40.261699356368254,-34.57473854590158
442,GME230616C00014000,14.0,6.24,1.0,19.8700008392334,31.40412549796724,-29.54202612635555
443,GME230616C00015000,15.0,6.04,98.0,19.8700008392334,30.397583014058032,-24.50931370680952
444,GME230616C00016000,16.0,5.2,9.0,19.8700008392334,26.170104581639364,-19.476601287263488
445,GME230616C00017000,17.0,4.5,37.0,19.8700008392334,22.647205887957142,-14.443888867717458
446,GME230616C00018000,18.0,4.05,70.0,19.8700008392334,20.38248529916143,-9.411176448171426
447,GME230616C00019000,19.0,3.95,12.0,19.8700008392334,19.879214057206827,-4.378464028625395
448,GME230616C00020000,20.0,3.55,904.0,19.8700008392334,17.866129089388412,0.6542483909206369
449,GME230616C00021000,21.0,3.2,65.0,19.8700008392334,16.104679742547304,5.686960810466669
450,GME230616C00022000,22.0,2.91,107.0,19.8700008392334,14.645193140878954,10.7196732300127
451,GME230616C00023000,23.0,2.82,64.0,19.8700008392334,14.19224902311981,15.75238564955873
452,GME230616C00024000,24.0,2.49,60.0,19.8700008392334,12.53145392466962,20.785098069104766
453,GME230616C00025000,25.0,2.07,1028.0,19.8700008392334,10.417714708460284,25.817810488650792
454,GME230616C00026000,26.0,2.47,10.0,19.8700008392334,12.4307996762787,30.850522908196826
455,GME230616C00027000,27.0,3.95,441.0,19.8700008392334,19.879214057206827,35.88323532774286
456,GME230616C00028000,28.0,2.4,22.0,19.8700008392334,12.078509806910475,40.9159477472889
457,GME230616C00029000,29.0,2.35,11.0,19.8700008392334,11.826874185933175,45.94866016683493
458,GME230616C00030000,30.0,1.5,661.0,19.8700008392334,7.549068629319048,50.98137258638096
459,GME230616C00033000,33.0,1.92,2.0,19.8700008392334,9.66280784552838,66.07950984501905
460,GME230616C00034000,34.0,1.11,10.0,19.8700008392334,5.586310785696096,71.11222226456508
461,GME230616C00035000,35.0,0.97,504.0,19.8700008392334,4.881731046959651,76.1449346841111
462,GME230616C00036000,36.0,1.01,3.0,19.8700008392334,5.083039543741492,81.17764710365715
463,GME230616C00037000,37.0,2.22,3.0,19.8700008392334,11.172621571392192,86.21035952320318
464,GME230616C00038000,38.0,1.24,15.0,19.8700008392334,6.240563400237079,91.24307194274921
465,GME230616C00040000,40.0,0.77,509.0,19.8700008392334,3.8751885630504446,101.30849678184128
466,GME230616C00045000,45.0,0.65,365.0,19.8700008392334,3.2712630727049206,126.47205887957142
467,GME230616C00050000,50.0,0.47,449.0,19.8700008392334,2.3653748371866348,151.63562097730158
468,GME230616C00055000,55.0,0.35,86.0,19.8700008392334,1.761449346841111,176.79918307503175
469,GME230616C00060000,60.0,0.57,106.0,19.8700008392334,2.868646079141238,201.9627451727619
470,GME230616C00065000,65.0,0.25,67.0,19.8700008392334,1.258178104886508,227.12630727049205
471,GME230616C00070000,70.0,0.3,149.0,19.8700008392334,1.5098137258638094,252.28986936822224
472,GME230616C00075000,75.0,0.21,158.0,19.8700008392334,1.0568696081046667,277.4534314659524
473,GME230616C00080000,80.0,0.18,5252.0,19.8700008392334,0.9058882355182858,302.61699356368257
474,GME230721C00003000,3.0,15.75,0.0,19.8700008392334,79.26522060785001,-84.9018627413619
475,GME230721C00005000,5.0,17.89,0.0,19.8700008392334,90.03522518567851,-74.83643790226984
476,GME230721C00010000,10.0,12.57,6.0,19.8700008392334,63.261195113693624,-49.67287580453968
477,GME230721C00014000,14.0,6.47,23.0,19.8700008392334,32.56164935446282,-29.54202612635555
478,GME230721C00015000,15.0,5.9,77.0,19.8700008392334,29.69300327532159,-24.50931370680952
479,GME230721C00016000,16.0,5.68,0.0,19.8700008392334,28.58580654302146,-19.476601287263488
480,GME230721C00017000,17.0,5.06,25.0,19.8700008392334,25.46552484290292,-14.443888867717458
481,GME230721C00018000,18.0,4.75,35.0,19.8700008392334,23.90538399284365,-9.411176448171426
482,GME230721C00019000,19.0,4.0,129.0,19.8700008392334,20.130849678184127,-4.378464028625395
483,GME230721C00020000,20.0,3.9,306.0,19.8700008392334,19.627578436229523,0.6542483909206369
484,GME230721C00021000,21.0,3.5,70.0,19.8700008392334,17.614493468411112,5.686960810466669
485,GME230721C00022000,22.0,3.1,218.0,19.8700008392334,15.601408500592697,10.7196732300127
486,GME230721C00023000,23.0,2.98,48.0,19.8700008392334,14.997483010247176,15.75238564955873
487,GME230721C00024000,24.0,2.87,243.0,19.8700008392334,14.443884644097112,20.785098069104766
488,GME230721C00025000,25.0,2.48,130.0,19.8700008392334,12.481126800474158,25.817810488650792
489,GME230721C00026000,26.0,2.3,26.0,19.8700008392334,11.575238564955873,30.850522908196826
490,GME230721C00027000,27.0,3.13,5.0,19.8700008392334,15.752389873179078,35.88323532774286
491,GME230721C00028000,28.0,2.07,66.0,19.8700008392334,10.417714708460284,40.9159477472889
492,GME230721C00029000,29.0,3.0,16.0,19.8700008392334,15.098137258638095,45.94866016683493
493,GME230721C00030000,30.0,1.8,214.0,19.8700008392334,9.058882355182858,50.98137258638096
494,GME230721C00031000,31.0,3.2,39.0,19.8700008392334,16.104679742547304,56.01408500592699
495,GME230721C00032000,32.0,2.13,62.0,19.8700008392334,10.719677453633047,61.046797425473024
496,GME230721C00033000,33.0,1.53,42.0,19.8700008392334,7.700050001905429,66.07950984501905
497,GME230721C00034000,34.0,1.3,3.0,19.8700008392334,6.542526145409841,71.11222226456508
498,GME230721C00035000,35.0,1.2,89.0,19.8700008392334,6.039254903455237,76.1449346841111
499,GME230721C00037000,37.0,1.17,9.0,19.8700008392334,5.888273530868856,86.21035952320318
500,GME230721C00040000,40.0,0.99,124.0,19.8700008392334,4.982385295350571,101.30849678184128
501,GME230721C00045000,45.0,1.4,34.0,19.8700008392334,7.045797387364444,126.47205887957142
502,GME230721C00050000,50.0,0.6,133.0,19.8700008392334,3.0196274517276187,151.63562097730158
503,GME230721C00055000,55.0,0.4,2742.0,19.8700008392334,2.013084967818413,176.79918307503175
504,GME230818C00003000,3.0,17.75,0.0,19.8700008392334,89.33064544694207,-84.9018627413619
505,GME230818C00010000,10.0,11.6,1.0,19.8700008392334,58.379464066733966,-49.67287580453968
506,GME230818C00011250,11.25,10.57,9.0,19.8700008392334,53.195770274601564,-43.381985280107145
507,GME230818C00012500,12.5,10.64,16.0,19.8700008392334,53.54806014396978,-37.091094755674604
508,GME230818C00013750,13.75,6.94,9.0,19.8700008392334,34.927024191649465,-30.800204231242063
509,GME230818C00015000,15.0,6.34,40.0,19.8700008392334,31.90739673992184,-24.50931370680952
510,GME230818C00016250,16.25,5.35,229.0,19.8700008392334,26.92501144457127,-18.218423182376984
511,GME230818C00017500,17.5,4.8,45.0,19.8700008392334,24.15701961382095,-11.927532657944443
512,GME230818C00018750,18.75,4.4,50.0,19.8700008392334,22.143934646002542,-5.636642133511903
513,GME230818C00020000,20.0,4.05,160.0,19.8700008392334,20.38248529916143,0.6542483909206369
514,GME230818C00021250,21.25,3.8,62.0,19.8700008392334,19.12430719427492,6.945138915353177
515,GME230818C00022500,22.5,3.25,153.0,19.8700008392334,16.356315363524605,13.236029439785716
516,GME230818C00023750,23.75,3.5,23.0,19.8700008392334,17.614493468411112,19.526919964218255
517,GME230818C00025000,25.0,2.66,382.0,19.8700008392334,13.387015035992444,25.817810488650792
518,GME230818C00026250,26.25,2.36,61.0,19.8700008392334,11.877201310128635,32.10870101308333
519,GME230818C00027500,27.5,2.32,71.0,19.8700008392334,11.675892813346794,38.399591537515875
520,GME230818C00028750,28.75,2.08,72.0,19.8700008392334,10.468041832655747,44.690482061948416
521,GME230818C00030000,30.0,2.1,348.0,19.8700008392334,10.568696081046667,50.98137258638096
522,GME230818C00031250,31.25,2.51,11.0,19.8700008392334,12.632108173060539,57.27226311081349
523,GME230818C00032500,32.5,2.22,46.0,19.8700008392334,11.172621571392192,63.56315363524604
524,GME230818C00033750,33.75,2.44,44.0,19.8700008392334,12.279818303692318,69.85404415967858
525,GME230818C00035000,35.0,1.46,125.0,19.8700008392334,7.347760132537207,76.1449346841111
526,GME230818C00036250,36.25,2.3,53.0,19.8700008392334,11.575238564955873,82.43582520854366
527,GME230818C00037500,37.5,1.12,15.0,19.8700008392334,5.636637909891556,88.72671573297619
528,GME230818C00038750,38.75,1.98,9.0,19.8700008392334,9.964770590701143,95.01760625740874
529,GME230818C00040000,40.0,1.19,5142.0,19.8700008392334,5.988927779259778,101.30849678184128
530,GME230818C00041250,41.25,1.15,46.0,19.8700008392334,5.7876192824779364,107.59938730627381
531,GME230818C00042500,42.5,1.58,122.0,19.8700008392334,7.95168562288273,113.89027783070635
532,GME230818C00043750,43.75,3.78,66.0,19.8700008392334,19.023652945884,120.18116835513891
533,GME230818C00045000,45.0,0.93,50.0,19.8700008392334,4.680422550177809,126.47205887957142
534,GME230818C00046250,46.25,4.1,9.0,19.8700008392334,20.63412092013873,132.76294940400396
535,GME230818C00047500,47.5,0.8,74.0,19.8700008392334,4.026169935636826,139.05383992843653
536,GME230818C00048750,48.75,1.16,151.0,19.8700008392334,5.837946406673397,145.34473045286904
537,GME230818C00050000,50.0,0.85,4637.0,19.8700008392334,4.277805556614127,151.63562097730158
538,GME230818C00052500,52.5,0.77,21.0,19.8700008392334,3.8751885630504446,164.21740202616667
539,GME230818C00055000,55.0,0.58,16.0,19.8700008392334,2.9189732033366984,176.79918307503175
540,GME230818C00057500,57.5,0.68,43.0,19.8700008392334,3.4222444452913017,189.38096412389683
541,GME230818C00060000,60.0,0.5,49.0,19.8700008392334,2.516356209773016,201.9627451727619
542,GME230818C00062500,62.5,0.55,22.0,19.8700008392334,2.7679918307503177,214.544526221627
543,GME230818C00065000,65.0,0.4,24.0,19.8700008392334,2.013084967818413,227.12630727049205
544,GME230818C00067500,67.5,0.49,355.0,19.8700008392334,2.4660290855775555,239.70808831935716
545,GME230818C00070000,70.0,0.45,267.0,19.8700008392334,2.2647205887957145,252.28986936822224
546,GME230818C00072500,72.5,0.62,3066.0,19.8700008392334,3.1202817001185394,264.87165041708727
547,GME230818C00075000,75.0,0.47,350.0,19.8700008392334,2.3653748371866348,277.4534314659524
548,GME230818C00077500,77.5,0.57,81.0,19.8700008392334,2.868646079141238,290.0352125148175
549,GME230818C00080000,80.0,0.34,564.0,19.8700008392334,1.7111222226456508,302.61699356368257
550,GME230818C00085000,85.0,65.9,2.0,19.8700008392334,331.65574844808356,327.78055566141273
551,GME230818C00090000,90.0,64.0,10.0,19.8700008392334,322.09359485094603,352.94411775914284
552,GME230818C00095000,95.0,51.0,1.0,19.8700008392334,256.66833339684763,378.10767985687306
553,GME230818C00100000,100.0,64.85,21.0,19.8700008392334,326.37140040756015,403.27124195460317
554,GME230818C00105000,105.0,56.82,1.0,19.8700008392334,285.9587196786055,428.43480405233333
555,GME230818C00110000,110.0,55.9,2.0,19.8700008392334,281.3286242526232,453.59836615006344
556,GME230818C00120000,120.0,51.84,3.0,19.8700008392334,260.89581182926634,503.9254903455238
557,GME230818C00125000,125.0,45.9,2.0,19.8700008392334,231.00150005716284,529.089052443254
558,GME230818C00130000,130.0,54.25,3.0,19.8700008392334,273.02464876037226,554.2526145409842
559,GME230818C00135000,135.0,56.82,1.0,19.8700008392334,285.9587196786055,579.4161766387143
560,GME230818C00140000,140.0,49.4,3.0,19.8700008392334,248.61599352557397,604.5797387364445
561,GME230818C00145000,145.0,51.65,4.0,19.8700008392334,259.93959646955255,629.7433008341745
562,GME230818C00150000,150.0,48.07,3.0,19.8700008392334,241.92248600757776,654.9068629319048
563,GME230818C00155000,155.0,42.96,3.0,19.8700008392334,216.20532554369754,680.070425029635
564,GME230818C00160000,160.0,40.1,3.0,19.8700008392334,201.8117680237959,705.2339871273651
565,GME230818C00165000,165.0,39.55,8.0,19.8700008392334,199.04377619304555,730.3975492250952
566,GME230818C00170000,170.0,49.65,11.0,19.8700008392334,249.8741716304605,755.5611113228255
567,GME230818C00175000,175.0,42.9,16.0,19.8700008392334,215.90336279852477,780.7246734205556
568,GME230818C00180000,180.0,36.29,2.0,19.8700008392334,182.63713370532548,805.8882355182858
569,GME230818C00185000,185.0,44.26,0.0,19.8700008392334,222.74785168910736,831.051797616016
570,GME230818C00195000,195.0,35.9,9.0,19.8700008392334,180.67437586170254,881.3789218114762
571,GME230818C00200000,200.0,30.0,1041.0,19.8700008392334,150.98137258638096,906.5424839092063
572,GME230818C00210000,210.0,34.77,5.0,19.8700008392334,174.98741082761555,956.8696081046667
573,GME230818C00220000,220.0,33.22,1.0,19.8700008392334,167.18670657731917,1007.1967323001269
574,GME230818C00230000,230.0,26.8,2.0,19.8700008392334,134.87669284383367,1057.5238564955873
575,GME230818C00250000,250.0,26.8,3.0,19.8700008392334,134.87669284383367,1158.178104886508
576,GME230818C00280000,280.0,27.25,2.0,19.8700008392334,137.14141343262938,1309.159477472889
577,GME230818C00290000,290.0,22.75,751.0,19.8700008392334,114.49420754467224,1359.486601668349
578,GME230818C00300000,300.0,26.07,33.0,19.8700008392334,131.20281277756504,1409.8137258638096
579,GME230915C00010000,10.0,10.95,7.0,19.8700008392334,55.10820099402905,-49.67287580453968
580,GME230915C00011000,11.0,8.92,4.0,19.8700008392334,44.8917947823506,-44.64016338499365
581,GME230915C00013000,13.0,10.5,6.0,19.8700008392334,52.843480405233336,-34.57473854590158
582,GME230915C00014000,14.0,6.88,14.0,19.8700008392334,34.62506144647669,-29.54202612635555
583,GME230915C00015000,15.0,6.2,369.0,19.8700008392334,31.202817001185394,-24.50931370680952
584,GME230915C00017000,17.0,5.86,2.0,19.8700008392334,29.491694778539753,-14.443888867717458
585,GME230915C00019000,19.0,4.3,6.0,19.8700008392334,21.640663404047935,-4.378464028625395
586,GME230915C00020000,20.0,3.91,165.0,19.8700008392334,19.677905560424986,0.6542483909206369
587,GME230915C00021000,21.0,3.8,105.0,19.8700008392334,19.12430719427492,5.686960810466669
588,GME230915C00022000,22.0,4.0,31.0,19.8700008392334,20.130849678184127,10.7196732300127
589,GME230915C00023000,23.0,4.0,30.0,19.8700008392334,20.130849678184127,15.75238564955873
590,GME230915C00024000,24.0,3.15,43.0,19.8700008392334,15.85304412157,20.785098069104766
591,GME230915C00025000,25.0,3.2,272.0,19.8700008392334,16.104679742547304,25.817810488650792
592,GME230915C00026000,26.0,3.6,31.0,19.8700008392334,18.117764710365716,30.850522908196826
593,GME230915C00027000,27.0,4.04,29.0,19.8700008392334,20.33215817496597,35.88323532774286
594,GME230915C00029000,29.0,2.6,11.0,19.8700008392334,13.085052290819682,45.94866016683493
595,GME230915C00030000,30.0,2.75,129.0,19.8700008392334,13.839959153751588,50.98137258638096
596,GME230915C00031000,31.0,2.45,1.0,19.8700008392334,12.330145427887778,56.01408500592699
597,GME230915C00032000,32.0,2.35,1.0,19.8700008392334,11.826874185933175,61.046797425473024
598,GME230915C00033000,33.0,2.6,6.0,19.8700008392334,13.085052290819682,66.07950984501905
599,GME230915C00034000,34.0,1.9,2.0,19.8700008392334,9.56215359713746,71.11222226456508
600,GME230915C00035000,35.0,1.6,100.0,19.8700008392334,8.052339871273652,76.1449346841111
601,GME230915C00036000,36.0,1.93,1.0,19.8700008392334,9.713134969723841,81.17764710365715
602,GME230915C00037000,37.0,1.85,1.0,19.8700008392334,9.31051797616016,86.21035952320318
603,GME230915C00038000,38.0,1.77,1.0,19.8700008392334,8.907900982596477,91.24307194274921
604,GME230915C00039000,39.0,1.67,5.0,19.8700008392334,8.404629740641873,96.27578436229524
605,GME230915C00040000,40.0,1.34,200.0,19.8700008392334,6.7438346421916835,101.30849678184128
606,GME231020C00003000,3.0,17.62,2.0,19.8700008392334,88.67639283240109,-84.9018627413619
607,GME231020C00010000,10.0,12.5,6.0,19.8700008392334,62.908905244325396,-49.67287580453968
608,GME231020C00011000,11.0,10.42,,19.8700008392334,52.440863411669646,-44.64016338499365
609,GME231020C00012000,12.0,8.12,34.0,19.8700008392334,40.86562484671378,-39.60745096544762
610,GME231020C00015000,15.0,6.35,22.0,19.8700008392334,31.9577238641173,-24.50931370680952
611,GME231020C00016000,16.0,5.98,6.0,19.8700008392334,30.09562026888527,-19.476601287263488
612,GME231020C00018000,18.0,5.1,7.0,19.8700008392334,25.666833339684757,-9.411176448171426
613,GME231020C00020000,20.0,4.65,1237.0,19.8700008392334,23.40211275088905,0.6542483909206369
614,GME231020C00021000,21.0,4.35,27.0,19.8700008392334,21.892299025025235,5.686960810466669
615,GME231020C00022000,22.0,3.95,4.0,19.8700008392334,19.879214057206827,10.7196732300127
616,GME231020C00023000,23.0,3.65,22.0,19.8700008392334,18.369400331343016,15.75238564955873
617,GME231020C00024000,24.0,5.45,1.0,19.8700008392334,27.428282686525872,20.785098069104766
618,GME231020C00025000,25.0,3.3,2976.0,19.8700008392334,16.607950984501905,25.817810488650792
619,GME231020C00026000,26.0,4.0,10.0,19.8700008392334,20.130849678184127,30.850522908196826
620,GME231020C00027000,27.0,3.65,1.0,19.8700008392334,18.369400331343016,35.88323532774286
621,GME231020C00030000,30.0,2.32,211.0,19.8700008392334,11.675892813346794,50.98137258638096
622,GME231020C00035000,35.0,3.15,49.0,19.8700008392334,15.85304412157,76.1449346841111
623,GME231020C00036000,36.0,2.64,2.0,19.8700008392334,13.286360787601526,81.17764710365715
624,GME231020C00037000,37.0,2.17,2.0,19.8700008392334,10.920985950414888,86.21035952320318
625,GME231020C00039000,39.0,1.94,5.0,19.8700008392334,9.763462093919301,96.27578436229524
626,GME231020C00040000,40.0,1.81,228.0,19.8700008392334,9.109209479378318,101.30849678184128
627,GME231117C00003000,3.0,16.15,0.0,19.8700008392334,81.27830557566841,-84.9018627413619
628,GME231117C00005000,5.0,14.05,0.0,19.8700008392334,70.70960949462174,-74.83643790226984
629,GME231117C00010000,10.0,10.6,727.0,19.8700008392334,53.34675164718794,-49.67287580453968
630,GME231117C00013000,13.0,8.55,2.0,19.8700008392334,43.02969118711857,-34.57473854590158
631,GME231117C00015000,15.0,6.52,273.0,19.8700008392334,32.813284975440126,-24.50931370680952
632,GME231117C00020000,20.0,5.25,1143.0,19.8700008392334,26.421740202616668,0.6542483909206369
633,GME231117C00022000,22.0,4.21,21.0,19.8700008392334,21.187719286288793,10.7196732300127
634,GME231117C00025000,25.0,4.39,2948.0,19.8700008392334,22.09360752180708,25.817810488650792
635,GME231117C00027000,27.0,3.45,1.0,19.8700008392334,17.36285784743381,35.88323532774286
636,GME231117C00030000,30.0,2.65,771.0,19.8700008392334,13.336687911796986,50.98137258638096
637,GME231117C00032000,32.0,3.1,92.0,19.8700008392334,15.601408500592697,61.046797425473024
638,GME231117C00035000,35.0,2.83,80.0,19.8700008392334,14.242576147315269,76.1449346841111
639,GME231117C00037000,37.0,2.0,1.0,19.8700008392334,10.065424839092064,86.21035952320318
640,GME231117C00040000,40.0,1.6,2996.0,19.8700008392334,8.052339871273652,101.30849678184128
641,GME231215C00003000,3.0,18.75,0.0,19.8700008392334,94.3633578664881,-84.9018627413619
642,GME231215C00008000,8.0,12.0,3.0,19.8700008392334,60.39254903455238,-59.738300643631746
643,GME231215C00010000,10.0,12.0,234.0,19.8700008392334,60.39254903455238,-49.67287580453968
644,GME231215C00011250,11.25,12.2,25.0,19.8700008392334,61.39909151846159,-43.381985280107145
645,GME231215C00012500,12.5,7.87,76.0,19.8700008392334,39.607446741827275,-37.091094755674604
646,GME231215C00013750,13.75,7.17,33.0,19.8700008392334,36.08454804814505,-30.800204231242063
647,GME231215C00015000,15.0,8.2,285.0,19.8700008392334,41.26824184027746,-24.50931370680952
648,GME231215C00016250,16.25,6.36,855.0,19.8700008392334,32.00805098831276,-18.218423182376984
649,GME231215C00017500,17.5,4.9,13.0,19.8700008392334,24.660290855775557,-11.927532657944443
650,GME231215C00018750,18.75,5.09,649.0,19.8700008392334,25.6165062154893,-5.636642133511903
651,GME231215C00020000,20.0,5.02,532.0,19.8700008392334,25.264216346121078,0.6542483909206369
652,GME231215C00021250,21.25,5.3,111.0,19.8700008392334,26.67337582359397,6.945138915353177
653,GME231215C00022500,22.5,4.8,79.0,19.8700008392334,24.15701961382095,13.236029439785716
654,GME231215C00023750,23.75,3.8,49.0,19.8700008392334,19.12430719427492,19.526919964218255
655,GME231215C00025000,25.0,3.9,268.0,19.8700008392334,19.627578436229523,25.817810488650792
656,GME231215C00026250,26.25,4.0,28.0,19.8700008392334,20.130849678184127,32.10870101308333
657,GME231215C00027500,27.5,3.7,326.0,19.8700008392334,18.62103595232032,38.399591537515875
658,GME231215C00028750,28.75,3.58,28.0,19.8700008392334,18.017110461974795,44.690482061948416
659,GME231215C00030000,30.0,2.52,1388.0,19.8700008392334,12.682435297256001,50.98137258638096
660,GME231215C00031250,31.25,3.15,31.0,19.8700008392334,15.85304412157,57.27226311081349
661,GME231215C00032500,32.5,3.6,268.0,19.8700008392334,18.117764710365716,63.56315363524604
662,GME231215C00033750,33.75,3.1,208.0,19.8700008392334,15.601408500592697,69.85404415967858
663,GME231215C00035000,35.0,2.7,168.0,19.8700008392334,13.588323532774288,76.1449346841111
664,GME231215C00036250,36.25,3.1,34.0,19.8700008392334,15.601408500592697,82.43582520854366
665,GME231215C00037500,37.5,1.99,989.0,19.8700008392334,10.015097714896603,88.72671573297619
666,GME231215C00038750,38.75,2.08,12.0,19.8700008392334,10.468041832655747,95.01760625740874
667,GME231215C00040000,40.0,1.76,479.0,19.8700008392334,8.857573858401016,101.30849678184128
668,GME231215C00041250,41.25,4.6,19.0,19.8700008392334,23.150477129911746,107.59938730627381
669,GME231215C00042500,42.5,8.1,1.0,19.8700008392334,40.76497059832286,113.89027783070635
670,GME231215C00043750,43.75,6.73,5.0,19.8700008392334,33.870154583544796,120.18116835513891
671,GME231215C00045000,45.0,1.65,96.0,19.8700008392334,8.303975492250952,126.47205887957142
672,GME231215C00046250,46.25,1.87,722.0,19.8700008392334,9.41117222455108,132.76294940400396
673,GME231215C00047500,47.5,4.68,5.0,19.8700008392334,23.553094123475425,139.05383992843653
674,GME231215C00048750,48.75,2.12,3522.0,19.8700008392334,10.669350329437588,145.34473045286904
675,GME231215C00050000,50.0,1.11,362.0,19.8700008392334,5.586310785696096,151.63562097730158
676,GME231215C00052500,52.5,5.14,14.0,19.8700008392334,25.868141836466602,164.21740202616667
677,GME231215C00055000,55.0,1.0,217.0,19.8700008392334,5.032712419546032,176.79918307503175
678,GME231215C00057500,57.5,1.64,4.0,19.8700008392334,8.253648368055492,189.38096412389683
679,GME231215C00060000,60.0,1.0,171.0,19.8700008392334,5.032712419546032,201.9627451727619
680,GME231215C00062500,62.5,1.24,252.0,19.8700008392334,6.240563400237079,214.544526221627
681,GME231215C00065000,65.0,0.95,35.0,19.8700008392334,4.78107679856873,227.12630727049205
682,GME231215C00067500,67.5,0.9,5.0,19.8700008392334,4.529441177591429,239.70808831935716
683,GME231215C00070000,70.0,0.87,50.0,19.8700008392334,4.378459805005048,252.28986936822224
684,GME231215C00072500,72.5,0.72,6.0,19.8700008392334,3.623552942073143,264.87165041708727
685,GME231215C00075000,75.0,0.55,345.0,19.8700008392334,2.7679918307503177,277.4534314659524
686,GME231215C00077500,77.5,0.49,26.0,19.8700008392334,2.4660290855775555,290.0352125148175
687,GME231215C00080000,80.0,0.65,644.0,19.8700008392334,3.2712630727049206,302.61699356368257
688,GME231215C00085000,85.0,79.87,1.0,19.8700008392334,401.96274094914156,327.78055566141273
689,GME231215C00090000,90.0,65.0,5.0,19.8700008392334,327.1263072704921,352.94411775914284
690,GME231215C00095000,95.0,62.95,7.0,19.8700008392334,316.8092468104227,378.10767985687306
691,GME231215C00100000,100.0,50.0,10.0,19.8700008392334,251.63562097730158,403.27124195460317
692,GME231215C00105000,105.0,64.9,5.0,19.8700008392334,326.6230360285375,428.43480405233333
693,GME231215C00110000,110.0,42.5,1.0,19.8700008392334,213.89027783070637,453.59836615006344
694,GME231215C00120000,120.0,51.0,9.0,19.8700008392334,256.66833339684763,503.9254903455238
695,GME231215C00125000,125.0,50.05,2.0,19.8700008392334,251.88725659827887,529.089052443254
696,GME231215C00130000,130.0,52.05,1.0,19.8700008392334,261.9526814373709,554.2526145409842
697,GME231215C00135000,135.0,43.98,9.0,19.8700008392334,221.33869221163445,579.4161766387143
698,GME231215C00140000,140.0,60.1,1.0,19.8700008392334,302.46601641471653,604.5797387364445
699,GME231215C00145000,145.0,60.0,6.0,19.8700008392334,301.9627451727619,629.7433008341745
700,GME231215C00150000,150.0,56.38,17.0,19.8700008392334,283.7443262140053,654.9068629319048
701,GME231215C00160000,160.0,52.96,2.0,19.8700008392334,266.53244973915787,705.2339871273651
702,GME231215C00165000,165.0,41.6,1.0,19.8700008392334,209.36083665311492,730.3975492250952
703,GME231215C00170000,170.0,53.8,0.0,19.8700008392334,270.7599281715765,755.5611113228255
704,GME231215C00175000,175.0,40.25,5.0,19.8700008392334,202.56667488672778,780.7246734205556
705,GME231215C00180000,180.0,40.0,17.0,19.8700008392334,201.30849678184126,805.8882355182858
706,GME231215C00185000,185.0,46.39,15.0,19.8700008392334,233.46752914274043,831.051797616016
707,GME231215C00195000,195.0,37.0,6.0,19.8700008392334,186.21035952320318,881.3789218114762
708,GME231215C00200000,200.0,42.01,26.0,19.8700008392334,211.42424874512878,906.5424839092063
709,GME231215C00210000,210.0,43.0,1.0,19.8700008392334,216.40663404047936,956.8696081046667
710,GME231215C00220000,220.0,33.17,2.0,19.8700008392334,166.9350709563419,1007.1967323001269
711,GME231215C00230000,230.0,32.17,3.0,19.8700008392334,161.90235853679584,1057.5238564955873
712,GME231215C00240000,240.0,29.82,1.0,19.8700008392334,150.07548435086267,1107.8509806910477
713,GME231215C00250000,250.0,37.0,194.0,19.8700008392334,186.21035952320318,1158.178104886508
714,GME231215C00260000,260.0,23.6,1.0,19.8700008392334,118.77201310128636,1208.5052290819683
715,GME231215C00270000,270.0,20.0,1.0,19.8700008392334,100.65424839092063,1258.8323532774286
716,GME231215C00290000,290.0,17.0,1.0,19.8700008392334,85.55611113228254,1359.486601668349
717,GME231215C00300000,300.0,36.3,63.0,19.8700008392334,182.68746082952094,1409.8137258638096
718,GME240119C00002500,2.5,19.0,26.0,19.8700008392334,95.6215359713746,-87.41821895113492
719,GME240119C00003750,3.75,18.25,0.0,19.8700008392334,91.84700165671508,-81.12732842670238
720,GME240119C00005000,5.0,15.0,18.0,19.8700008392334,75.49068629319048,-74.83643790226984
721,GME240119C00007500,7.5,12.42,18.0,19.8700008392334,62.50628825076171,-62.25465685340477
722,GME240119C00010000,10.0,9.95,438.0,19.8700008392334,50.07548857448302,-49.67287580453968
723,GME240119C00011250,11.25,9.8,72.0,19.8700008392334,49.320581711551114,-43.381985280107145
724,GME240119C00012500,12.5,8.85,1267.0,19.8700008392334,44.53950491298238,-37.091094755674604
725,GME240119C00013750,13.75,7.7,168.0,19.8700008392334,38.75188563050445,-30.800204231242063
726,GME240119C00015000,15.0,7.05,2913.0,19.8700008392334,35.48062255779952,-24.50931370680952
727,GME240119C00016250,16.25,6.08,984.0,19.8700008392334,30.598891510839877,-18.218423182376984
728,GME240119C00017500,17.5,5.85,4647.0,19.8700008392334,29.441367654344287,-11.927532657944443
729,GME240119C00018750,18.75,5.2,331.0,19.8700008392334,26.170104581639364,-5.636642133511903
730,GME240119C00020000,20.0,5.4,1991.0,19.8700008392334,27.176647065548575,0.6542483909206369
731,GME240119C00021250,21.25,4.4,197.0,19.8700008392334,22.143934646002542,6.945138915353177
732,GME240119C00022500,22.5,4.32,199.0,19.8700008392334,21.74131765243886,13.236029439785716
733,GME240119C00023750,23.75,3.8,248.0,19.8700008392334,19.12430719427492,19.526919964218255
734,GME240119C00025000,25.0,3.65,3393.0,19.8700008392334,18.369400331343016,25.817810488650792
735,GME240119C00026250,26.25,4.16,189.0,19.8700008392334,20.936083665311493,32.10870101308333
736,GME240119C00027500,27.5,3.34,389.0,19.8700008392334,16.809259481283746,38.399591537515875
737,GME240119C00028750,28.75,3.2,2539.0,19.8700008392334,16.104679742547304,44.690482061948416
738,GME240119C00030000,30.0,2.69,2741.0,19.8700008392334,13.537996408578826,50.98137258638096
739,GME240119C00031250,31.25,3.15,268.0,19.8700008392334,15.85304412157,57.27226311081349
740,GME240119C00032500,32.5,2.27,689.0,19.8700008392334,11.424257192369494,63.56315363524604
741,GME240119C00033750,33.75,3.7,438.0,19.8700008392334,18.62103595232032,69.85404415967858
742,GME240119C00035000,35.0,2.06,1290.0,19.8700008392334,10.367387584264826,76.1449346841111
743,GME240119C00036250,36.25,2.87,59.0,19.8700008392334,14.443884644097112,82.43582520854366
744,GME240119C00037500,37.5,2.17,1251.0,19.8700008392334,10.920985950414888,88.72671573297619
745,GME240119C00038750,38.75,2.9,165.0,19.8700008392334,14.594866016683492,95.01760625740874
746,GME240119C00040000,40.0,1.71,6573.0,19.8700008392334,8.605938237423715,101.30849678184128
747,GME240119C00041250,41.25,2.45,184.0,19.8700008392334,12.330145427887778,107.59938730627381
748,GME240119C00042500,42.5,1.6,351.0,19.8700008392334,8.052339871273652,113.89027783070635
749,GME240119C00043750,43.75,1.68,78.0,19.8700008392334,8.454956864837333,120.18116835513891
750,GME240119C00045000,45.0,1.5,313.0,19.8700008392334,7.549068629319048,126.47205887957142
751,GME240119C00046250,46.25,1.93,65.0,19.8700008392334,9.713134969723841,132.76294940400396
752,GME240119C00047500,47.5,2.2,142.0,19.8700008392334,11.071967323001271,139.05383992843653
753,GME240119C00048750,48.75,1.8,87.0,19.8700008392334,9.058882355182858,145.34473045286904
754,GME240119C00050000,50.0,1.26,2229.0,19.8700008392334,6.3412176486280005,151.63562097730158
755,GME240119C00052500,52.5,1.44,70.0,19.8700008392334,7.247105884146286,164.21740202616667
756,GME240119C00055000,55.0,1.3,4151.0,19.8700008392334,6.542526145409841,176.79918307503175
757,GME240119C00057500,57.5,1.8,46.0,19.8700008392334,9.058882355182858,189.38096412389683
758,GME240119C00060000,60.0,1.14,325.0,19.8700008392334,5.737292158282476,201.9627451727619
759,GME240119C00062500,62.5,0.95,575.0,19.8700008392334,4.78107679856873,214.544526221627
760,GME240119C00065000,65.0,1.48,158.0,19.8700008392334,7.448414380928127,227.12630727049205
761,GME240119C00067500,67.5,1.0,159.0,19.8700008392334,5.032712419546032,239.70808831935716
762,GME240119C00070000,70.0,0.95,561.0,19.8700008392334,4.78107679856873,252.28986936822224
763,GME240119C00072500,72.5,1.3,61.0,19.8700008392334,6.542526145409841,264.87165041708727
764,GME240119C00075000,75.0,0.9,3026.0,19.8700008392334,4.529441177591429,277.4534314659524
765,GME240119C00080000,80.0,0.6,671.0,19.8700008392334,3.0196274517276187,302.61699356368257
766,GME240119C00082500,82.5,0.8,48.0,19.8700008392334,4.026169935636826,315.1987746125476
767,GME240119C00085000,85.0,0.86,113.0,19.8700008392334,4.328132680809587,327.78055566141273
768,GME240119C00087500,87.5,0.73,867.0,19.8700008392334,3.6738800662686035,340.3623367102778
769,GME240119C00090000,90.0,0.79,2160.0,19.8700008392334,3.975842811441365,352.94411775914284
770,GME240119C00092500,92.5,0.78,2920.0,19.8700008392334,3.925515687245905,365.5258988080079
771,GME240119C00095000,95.0,0.81,2514.0,19.8700008392334,4.0764970598322865,378.10767985687306
772,GME240119C00097500,97.5,0.46,58.0,19.8700008392334,2.315047712991175,390.6894609057381
773,GME240119C00100000,100.0,0.5,3793.0,19.8700008392334,2.516356209773016,403.27124195460317
774,GME240119C00102500,102.5,0.45,332.0,19.8700008392334,2.2647205887957145,415.85302300346825
775,GME240119C00105000,105.0,0.6,298.0,19.8700008392334,3.0196274517276187,428.43480405233333
776,GME240119C00107500,107.5,0.79,122.0,19.8700008392334,3.975842811441365,441.0165851011985
777,GME240119C00110000,110.0,0.59,200.0,19.8700008392334,2.969300327532159,453.59836615006344
778,GME240119C00112500,112.5,0.7,226.0,19.8700008392334,3.522898693682222,466.1801471989286
779,GME240119C00115000,115.0,0.68,98.0,19.8700008392334,3.4222444452913017,478.76192824779366
780,GME240119C00117500,117.5,0.47,162.0,19.8700008392334,2.3653748371866348,491.34370929665874
781,GME240119C00120000,120.0,0.55,802.0,19.8700008392334,2.7679918307503177,503.9254903455238
782,GME240119C00122500,122.5,0.49,332.0,19.8700008392334,2.4660290855775555,516.5072713943889
783,GME240119C00125000,125.0,0.4,7708.0,19.8700008392334,2.013084967818413,529.089052443254
784,GME240119C00127500,127.5,0.42,19946.0,19.8700008392334,2.1137392162093334,541.6708334921191
785,GME240119C00130000,130.0,63.68,112.0,19.8700008392334,320.4831268766913,554.2526145409842
786,GME240119C00135000,135.0,56.7,24.0,19.8700008392334,285.35479418826003,579.4161766387143
787,GME240119C00140000,140.0,58.15,61.0,19.8700008392334,292.65222719660176,604.5797387364445
788,GME240119C00145000,145.0,43.66,18.0,19.8700008392334,219.72822423737975,629.7433008341745
789,GME240119C00150000,150.0,57.25,165.0,19.8700008392334,288.12278601901033,654.9068629319048
790,GME240119C00155000,155.0,58.0,45.0,19.8700008392334,291.8973203336698,680.070425029635
791,GME240119C00160000,160.0,54.4,94.0,19.8700008392334,273.77955562330413,705.2339871273651
792,GME240119C00165000,165.0,38.68,19.0,19.8700008392334,194.6653163880405,730.3975492250952
793,GME240119C00170000,170.0,48.7,81.0,19.8700008392334,245.09309483189176,755.5611113228255
794,GME240119C00175000,175.0,49.0,22.0,19.8700008392334,246.60290855775554,780.7246734205556
795,GME240119C00180000,180.0,49.2,56.0,19.8700008392334,247.60945104166478,805.8882355182858
796,GME240119C00185000,185.0,27.5,19.0,19.8700008392334,138.39959153751587,831.051797616016
797,GME240119C00190000,190.0,43.63,21.0,19.8700008392334,219.5772428647934,856.215359713746
798,GME240119C00195000,195.0,39.25,14.0,19.8700008392334,197.53396246718177,881.3789218114762
799,GME240119C00200000,200.0,46.8,506.0,19.8700008392334,235.5309412347543,906.5424839092063
800,GME240119C00210000,210.0,37.35,26.0,19.8700008392334,187.9718088700443,956.8696081046667
801,GME240119C00220000,220.0,45.0,19.0,19.8700008392334,226.47205887957145,1007.1967323001269
802,GME240119C00230000,230.0,45.52,27.0,19.8700008392334,229.0890693377354,1057.5238564955873
803,GME240119C00240000,240.0,30.0,22.0,19.8700008392334,150.98137258638096,1107.8509806910477
804,GME240119C00250000,250.0,42.0,145.0,19.8700008392334,211.37392162093334,1158.178104886508
805,GME240119C00260000,260.0,25.9,15.0,19.8700008392334,130.34725166624222,1208.5052290819683
806,GME240119C00270000,270.0,32.25,69.0,19.8700008392334,162.3049755303595,1258.8323532774286
807,GME240119C00280000,280.0,30.0,39.0,19.8700008392334,150.98137258638096,1309.159477472889
808,GME240119C00290000,290.0,40.55,16.0,19.8700008392334,204.07648861259156,1359.486601668349
809,GME240119C00300000,300.0,31.0,871.0,19.8700008392334,156.014085005927,1409.8137258638096
810,GME240119C00320000,320.0,30.0,102.0,19.8700008392334,150.98137258638096,1510.4679742547303
811,GME240119C00330000,330.0,30.6,11.0,19.8700008392334,154.00100003810857,1560.7950984501904
812,GME240119C00340000,340.0,32.0,24.0,19.8700008392334,161.04679742547302,1611.122222645651
813,GME240119C00350000,350.0,30.6,210.0,19.8700008392334,154.00100003810857,1661.4493468411113
814,GME240119C00360000,360.0,27.5,498.0,19.8700008392334,138.39959153751587,1711.7764710365716
815,GME240119C00370000,370.0,27.0,724.0,19.8700008392334,135.88323532774288,1762.103595232032
816,GME240119C00380000,380.0,26.4,572.0,19.8700008392334,132.86360787601524,1812.430719427492
817,GME240119C00390000,390.0,21.84,15.0,19.8700008392334,109.91443924288534,1862.7578436229524
818,GME240119C00400000,400.0,24.56,136.0,19.8700008392334,123.60341702405053,1913.0849678184127
819,GME240119C00410000,410.0,28.6,4.0,19.8700008392334,143.9355751990165,1963.412092013873
820,GME240119C00420000,420.0,23.5,27.0,19.8700008392334,118.26874185933174,2013.7392162093333
821,GME240119C00430000,430.0,50.0,51.0,19.8700008392334,251.63562097730158,2064.0663404047937
822,GME240119C00440000,440.0,28.0,12.0,19.8700008392334,140.9159477472889,2114.393464600254
823,GME240119C00450000,450.0,25.09,43.0,19.8700008392334,126.27075460640992,2164.7205887957143
824,GME240119C00460000,460.0,33.15,2.0,19.8700008392334,166.83441670795094,2215.0477129911746
825,GME240119C00470000,470.0,20.4,4.0,19.8700008392334,102.66733335873903,2265.374837186635
826,GME240119C00480000,480.0,21.45,16.0,19.8700008392334,107.95168139926238,2315.7019613820953
827,GME240119C00490000,490.0,20.0,67.0,19.8700008392334,100.65424839092063,2366.0290855775556
828,GME240119C00500000,500.0,19.5,1753.0,19.8700008392334,98.13789218114762,2416.356209773016
829,GME240119C00510000,510.0,18.76,3472.0,19.8700008392334,94.41368499068356,2466.6833339684763
830,GME250117C00003000,3.0,17.08,4.0,19.8700008392334,85.95872812584622,-84.9018627413619
831,GME250117C00005000,5.0,14.4,37.0,19.8700008392334,72.47105884146286,-74.83643790226984
832,GME250117C00008000,8.0,12.0,11.0,19.8700008392334,60.39254903455238,-59.738300643631746
833,GME250117C00010000,10.0,10.57,1674.0,19.8700008392334,53.195770274601564,-49.67287580453968
834,GME250117C00013000,13.0,8.78,198.0,19.8700008392334,44.18721504361416,-34.57473854590158
835,GME250117C00015000,15.0,7.9,479.0,19.8700008392334,39.758428114413654,-24.50931370680952
836,GME250117C00018000,18.0,6.45,189.0,19.8700008392334,32.460995106071906,-9.411176448171426
837,GME250117C00020000,20.0,6.2,382.0,19.8700008392334,31.202817001185394,0.6542483909206369
838,GME250117C00023000,23.0,5.75,177.0,19.8700008392334,28.938096412389687,15.75238564955873
839,GME250117C00025000,25.0,4.93,290.0,19.8700008392334,24.811272228361936,25.817810488650792
840,GME250117C00027000,27.0,5.97,327.0,19.8700008392334,30.04529314468981,35.88323532774286
841,GME250117C00030000,30.0,4.57,664.0,19.8700008392334,22.999495757325366,50.98137258638096
842,GME250117C00032000,32.0,4.27,67.0,19.8700008392334,21.489682031461555,61.046797425473024
843,GME250117C00035000,35.0,3.9,751.0,19.8700008392334,19.627578436229523,76.1449346841111
844,GME250117C00037000,37.0,3.2,96.0,19.8700008392334,16.104679742547304,86.21035952320318
845,GME250117C00040000,40.0,3.3,373.0,19.8700008392334,16.607950984501905,101.30849678184128
846,GME250117C00045000,45.0,2.96,217.0,19.8700008392334,14.896828761856254,126.47205887957142
847,GME250117C00050000,50.0,2.5,827.0,19.8700008392334,12.581781048865079,151.63562097730158
848,GME250117C00055000,55.0,2.99,72.0,19.8700008392334,15.047810134442635,176.79918307503175
849,GME250117C00060000,60.0,2.1,2722.0,19.8700008392334,10.568696081046667,201.9627451727619
