contractSymbol,strike,lastPrice,openInterest,StockPrice,premiumPrice,strike_diff
GME230217C00003000,3.0,19.38,0.0,21.5,90.13953488372093,-86.04651162790698
GME230217C00006250,6.25,11.25,0.0,21.5,52.32558139534884,-70.93023255813954
GME230217C00007500,7.5,11.85,0.0,21.5,55.11627906976744,-65.11627906976744
GME230217C00008750,8.75,19.0,0.0,21.5,88.37209302325581,-59.30232558139535
GME230217C00010000,10.0,11.21,37.0,21.5,52.13953488372094,-53.48837209302325
GME230217C00011250,11.25,8.1,0.0,21.5,37.67441860465116,-47.674418604651166
GME230217C00012500,12.5,8.7,4.0,21.5,40.46511627906976,-41.86046511627907
GME230217C00013500,13.5,6.4,1.0,21.5,29.767441860465116,-37.2093023255814
GME230217C00013750,13.75,5.42,27.0,21.5,25.209302325581394,-36.04651162790697
GME230217C00015000,15.0,5.75,49.0,21.5,26.744186046511626,-30.23255813953488
GME230217C00015500,15.5,4.25,0.0,21.5,19.767441860465116,-27.906976744186046
GME230217C00016000,16.0,3.28,63.0,21.5,15.25581395348837,-25.581395348837212
GME230217C00016250,16.25,3.0,79.0,21.5,13.953488372093023,-24.418604651162788
GME230217C00016500,16.5,4.75,83.0,21.5,22.093023255813954,-23.25581395348837
GME230217C00017000,17.0,2.24,56.0,21.5,10.418604651162791,-20.930232558139537
GME230217C00017500,17.5,3.8,1324.0,21.5,17.674418604651162,-18.6046511627907
GME230217C00018000,18.0,3.4,290.0,21.5,15.813953488372093,-16.27906976744186
GME230217C00018500,18.5,2.65,233.0,21.5,12.325581395348836,-13.953488372093023
GME230217C00018750,18.75,2.44,621.0,21.5,11.348837209302326,-12.790697674418606
GME230217C00019000,19.0,2.43,1990.0,21.5,11.30232558139535,-11.627906976744185
GME230217C00019500,19.5,1.9,2540.0,21.5,8.837209302325581,-9.30232558139535
GME230217C00020000,20.0,1.55,6665.0,21.5,7.209302325581396,-6.976744186046512
GME230217C00020500,20.5,1.13,3201.0,21.5,5.255813953488372,-4.651162790697675
GME230217C00021000,21.0,0.81,4044.0,21.5,3.7674418604651163,-2.3255813953488373
GME230217C00021250,21.25,0.7,1561.0,21.5,3.255813953488372,-1.1627906976744187
GME230217C00021500,21.5,0.6,2416.0,21.5,2.7906976744186047,0.0
GME230217C00022000,22.0,0.41,4085.0,21.5,1.9069767441860463,2.3255813953488373
GME230217C00022500,22.5,0.3,6908.0,21.5,1.3953488372093024,4.651162790697675
GME230217C00023000,23.0,0.24,4337.0,21.5,1.1162790697674418,6.976744186046512
GME230217C00023500,23.5,0.17,1836.0,21.5,0.7906976744186047,9.30232558139535
GME230217C00023750,23.75,0.15,2144.0,21.5,0.6976744186046512,10.465116279069768
GME230217C00024000,24.0,0.14,1977.0,21.5,0.6511627906976745,11.627906976744185
GME230217C00024500,24.5,0.12,1372.0,21.5,0.5581395348837209,13.953488372093023
GME230217C00025000,25.0,0.11,14555.0,21.5,0.5116279069767442,16.27906976744186
GME230217C00025500,25.5,0.09,623.0,21.5,0.41860465116279066,18.6046511627907
GME230217C00026000,26.0,0.06,1417.0,21.5,0.27906976744186046,20.930232558139537
GME230217C00026250,26.25,0.06,1866.0,21.5,0.27906976744186046,22.093023255813954
GME230217C00026500,26.5,0.06,431.0,21.5,0.27906976744186046,23.25581395348837
GME230217C00027000,27.0,0.05,1642.0,21.5,0.23255813953488372,25.581395348837212
GME230217C00027500,27.5,0.05,1098.0,21.5,0.23255813953488372,27.906976744186046
GME230217C00028000,28.0,0.04,2094.0,21.5,0.18604651162790697,30.23255813953488
GME230217C00028500,28.5,0.04,217.0,21.5,0.18604651162790697,32.55813953488372
GME230217C00028750,28.75,0.05,715.0,21.5,0.23255813953488372,33.72093023255814
GME230217C00029000,29.0,0.04,3246.0,21.5,0.18604651162790697,34.883720930232556
GME230217C00030000,30.0,0.02,8829.0,21.5,0.09302325581395349,39.53488372093023
GME230217C00031000,31.0,0.03,677.0,21.5,0.13953488372093023,44.18604651162791
GME230217C00031250,31.25,0.02,603.0,21.5,0.09302325581395349,45.348837209302324
GME230217C00032000,32.0,0.03,423.0,21.5,0.13953488372093023,48.837209302325576
GME230217C00032500,32.5,0.02,1124.0,21.5,0.09302325581395349,51.162790697674424
GME230217C00033000,33.0,0.02,1261.0,21.5,0.09302325581395349,53.48837209302325
GME230217C00033750,33.75,0.02,1660.0,21.5,0.09302325581395349,56.97674418604651
GME230217C00034000,34.0,0.01,1946.0,21.5,0.046511627906976744,58.139534883720934
GME230217C00035000,35.0,0.01,11071.0,21.5,0.046511627906976744,62.7906976744186
GME230217C00036000,36.0,0.01,760.0,21.5,0.046511627906976744,67.44186046511628
GME230217C00036250,36.25,0.01,389.0,21.5,0.046511627906976744,68.6046511627907
GME230217C00037000,37.0,0.01,314.0,21.5,0.046511627906976744,72.09302325581395
GME230217C00037500,37.5,0.02,1112.0,21.5,0.09302325581395349,74.4186046511628
GME230217C00038000,38.0,0.01,342.0,21.5,0.046511627906976744,76.74418604651163
GME230217C00038750,38.75,0.01,181.0,21.5,0.046511627906976744,80.23255813953489
GME230217C00039000,39.0,0.01,334.0,21.5,0.046511627906976744,81.3953488372093
GME230217C00040000,40.0,0.01,4650.0,21.5,0.046511627906976744,86.04651162790698
GME230217C00041250,41.25,0.01,897.0,21.5,0.046511627906976744,91.86046511627907
GME230217C00042500,42.5,0.01,383.0,21.5,0.046511627906976744,97.67441860465115
GME230217C00043750,43.75,0.01,552.0,21.5,0.046511627906976744,103.48837209302326
GME230217C00045000,45.0,0.01,2042.0,21.5,0.046511627906976744,109.30232558139534
GME230217C00046250,46.25,0.01,379.0,21.5,0.046511627906976744,115.11627906976744
GME230217C00047500,47.5,0.01,254.0,21.5,0.046511627906976744,120.93023255813952
GME230217C00048750,48.75,0.01,775.0,21.5,0.046511627906976744,126.74418604651163
GME230217C00050000,50.0,0.01,6245.0,21.5,0.046511627906976744,132.5581395348837
GME230217C00052500,52.5,0.01,930.0,21.5,0.046511627906976744,144.1860465116279
GME230217C00055000,55.0,0.01,1040.0,21.5,0.046511627906976744,155.8139534883721
GME230217C00057500,57.5,0.01,986.0,21.5,0.046511627906976744,167.4418604651163
GME230217C00060000,60.0,0.01,13187.0,21.5,0.046511627906976744,179.06976744186048
GME230217C00062500,62.5,0.01,973.0,21.5,0.046511627906976744,190.69767441860466
GME230217C00065000,65.0,0.01,467.0,21.5,0.046511627906976744,202.32558139534885
GME230217C00067500,67.5,0.01,427.0,21.5,0.046511627906976744,213.953488372093
GME230217C00070000,70.0,0.01,1653.0,21.5,0.046511627906976744,225.58139534883722
GME230217C00072500,72.5,0.01,496.0,21.5,0.046511627906976744,237.2093023255814
GME230217C00075000,75.0,0.01,858.0,21.5,0.046511627906976744,248.8372093023256
GME230217C00077500,77.5,0.01,1090.0,21.5,0.046511627906976744,260.4651162790698
GME230217C00080000,80.0,0.01,20740.0,21.5,0.046511627906976744,272.09302325581393
GME230217C00095000,95.0,53.56,1.0,21.5,249.11627906976744,341.86046511627904
GME230217C00135000,135.0,41.9,1.0,21.5,194.88372093023256,527.906976744186
GME230217C00150000,150.0,37.2,1.0,21.5,173.0232558139535,597.6744186046511
GME230217C00155000,155.0,40.0,1.0,21.5,186.04651162790697,620.9302325581396
GME230217C00160000,160.0,39.78,8.0,21.5,185.02325581395348,644.1860465116279
GME230217C00165000,165.0,32.4,1.0,21.5,150.69767441860463,667.4418604651163
GME230217C00185000,185.0,28.0,1.0,21.5,130.2325581395349,760.4651162790698
GME230217C00190000,190.0,31.06,2.0,21.5,144.46511627906978,783.7209302325581
GME230217C00200000,200.0,28.56,3.0,21.5,132.83720930232556,830.232558139535
GME230217C00240000,240.0,21.48,2.0,21.5,99.90697674418605,1016.2790697674419
GME230217C00300000,300.0,14.0,1.0,21.5,65.11627906976744,1295.3488372093022
GME230224C00002500,2.5,16.84,0.0,21.5,78.32558139534883,-88.37209302325581
GME230224C00010000,10.0,6.73,0.0,21.5,31.30232558139535,-53.48837209302325
GME230224C00011000,11.0,8.3,0.0,21.5,38.604651162790695,-48.837209302325576
GME230224C00013000,13.0,7.97,0.0,21.5,37.06976744186046,-39.53488372093023
GME230224C00014000,14.0,10.01,0.0,21.5,46.55813953488372,-34.883720930232556
GME230224C00014500,14.5,5.06,7.0,21.5,23.53488372093023,-32.55813953488372
GME230224C00015000,15.0,4.35,84.0,21.5,20.23255813953488,-30.23255813953488
GME230224C00015500,15.5,5.0,2.0,21.5,23.25581395348837,-27.906976744186046
GME230224C00016000,16.0,3.4,697.0,21.5,15.813953488372093,-25.581395348837212
GME230224C00016500,16.5,2.88,48.0,21.5,13.395348837209301,-23.25581395348837
GME230224C00017000,17.0,3.95,119.0,21.5,18.372093023255815,-20.930232558139537
GME230224C00017500,17.5,3.3,133.0,21.5,15.348837209302324,-18.6046511627907
GME230224C00018000,18.0,3.35,121.0,21.5,15.58139534883721,-16.27906976744186
GME230224C00018500,18.5,2.6,145.0,21.5,12.093023255813954,-13.953488372093023
GME230224C00019000,19.0,2.43,1169.0,21.5,11.30232558139535,-11.627906976744185
GME230224C00019500,19.5,2.0,299.0,21.5,9.30232558139535,-9.30232558139535
GME230224C00020000,20.0,1.8,1700.0,21.5,8.372093023255815,-6.976744186046512
GME230224C00020500,20.5,1.48,435.0,21.5,6.883720930232558,-4.651162790697675
GME230224C00021000,21.0,1.25,1336.0,21.5,5.813953488372093,-2.3255813953488373
GME230224C00021500,21.5,0.98,568.0,21.5,4.55813953488372,0.0
GME230224C00022000,22.0,0.82,1083.0,21.5,3.8139534883720927,2.3255813953488373
GME230224C00022500,22.5,0.64,1324.0,21.5,2.9767441860465116,4.651162790697675
GME230224C00023000,23.0,0.55,979.0,21.5,2.558139534883721,6.976744186046512
GME230224C00023500,23.5,0.46,301.0,21.5,2.1395348837209305,9.30232558139535
GME230224C00024000,24.0,0.4,1364.0,21.5,1.8604651162790697,11.627906976744185
GME230224C00024500,24.5,0.27,136.0,21.5,1.255813953488372,13.953488372093023
GME230224C00025000,25.0,0.29,3359.0,21.5,1.3488372093023253,16.27906976744186
GME230224C00025500,25.5,0.25,135.0,21.5,1.1627906976744187,18.6046511627907
GME230224C00026000,26.0,0.23,706.0,21.5,1.0697674418604652,20.930232558139537
GME230224C00026500,26.5,0.18,162.0,21.5,0.8372093023255813,23.25581395348837
GME230224C00027000,27.0,0.19,436.0,21.5,0.8837209302325582,25.581395348837212
GME230224C00027500,27.5,0.13,147.0,21.5,0.6046511627906977,27.906976744186046
GME230224C00028000,28.0,0.14,626.0,21.5,0.6511627906976745,30.23255813953488
GME230224C00028500,28.5,0.12,72.0,21.5,0.5581395348837209,32.55813953488372
GME230224C00029000,29.0,0.12,344.0,21.5,0.5581395348837209,34.883720930232556
GME230224C00030000,30.0,0.1,1603.0,21.5,0.46511627906976744,39.53488372093023
GME230224C00031000,31.0,0.08,995.0,21.5,0.37209302325581395,44.18604651162791
GME230224C00032000,32.0,0.07,601.0,21.5,0.32558139534883723,48.837209302325576
GME230224C00033000,33.0,0.05,486.0,21.5,0.23255813953488372,53.48837209302325
GME230224C00034000,34.0,0.06,357.0,21.5,0.27906976744186046,58.139534883720934
GME230224C00035000,35.0,0.05,868.0,21.5,0.23255813953488372,62.7906976744186
GME230224C00036000,36.0,0.03,215.0,21.5,0.13953488372093023,67.44186046511628
GME230224C00037000,37.0,0.04,259.0,21.5,0.18604651162790697,72.09302325581395
GME230224C00038000,38.0,0.02,294.0,21.5,0.09302325581395349,76.74418604651163
GME230224C00039000,39.0,0.03,219.0,21.5,0.13953488372093023,81.3953488372093
GME230224C00040000,40.0,0.03,1817.0,21.5,0.13953488372093023,86.04651162790698
GME230303C00005000,5.0,16.95,0.0,21.5,78.83720930232558,-76.74418604651163
GME230303C00007500,7.5,13.57,,21.5,63.116279069767444,-65.11627906976744
GME230303C00010000,10.0,11.07,,21.5,51.48837209302326,-53.48837209302325
GME230303C00015000,15.0,6.0,0.0,21.5,27.906976744186046,-30.23255813953488
GME230303C00015500,15.5,5.2,1.0,21.5,24.186046511627907,-27.906976744186046
GME230303C00016000,16.0,4.85,3.0,21.5,22.55813953488372,-25.581395348837212
GME230303C00016500,16.5,3.0,0.0,21.5,13.953488372093023,-23.25581395348837
GME230303C00017000,17.0,2.59,16.0,21.5,12.046511627906977,-20.930232558139537
GME230303C00017500,17.5,3.5,29.0,21.5,16.27906976744186,-18.6046511627907
GME230303C00018000,18.0,3.4,273.0,21.5,15.813953488372093,-16.27906976744186
GME230303C00018500,18.5,2.8,14.0,21.5,13.023255813953488,-13.953488372093023
GME230303C00019000,19.0,2.53,132.0,21.5,11.767441860465116,-11.627906976744185
GME230303C00019500,19.5,2.09,143.0,21.5,9.720930232558139,-9.30232558139535
GME230303C00020000,20.0,1.85,336.0,21.5,8.604651162790699,-6.976744186046512
GME230303C00020500,20.5,1.53,111.0,21.5,7.116279069767442,-4.651162790697675
GME230303C00021000,21.0,1.5,586.0,21.5,6.976744186046512,-2.3255813953488373
GME230303C00021500,21.5,1.34,314.0,21.5,6.232558139534884,0.0
GME230303C00022000,22.0,1.18,712.0,21.5,5.488372093023256,2.3255813953488373
GME230303C00022500,22.5,1.03,297.0,21.5,4.790697674418605,4.651162790697675
GME230303C00023000,23.0,0.9,568.0,21.5,4.186046511627907,6.976744186046512
GME230303C00023500,23.5,0.77,191.0,21.5,3.5813953488372094,9.30232558139535
GME230303C00024000,24.0,0.64,392.0,21.5,2.9767441860465116,11.627906976744185
GME230303C00025000,25.0,0.5,941.0,21.5,2.3255813953488373,16.27906976744186
GME230303C00026000,26.0,0.33,316.0,21.5,1.5348837209302326,20.930232558139537
GME230303C00027000,27.0,0.3,485.0,21.5,1.3953488372093024,25.581395348837212
GME230303C00028000,28.0,0.24,441.0,21.5,1.1162790697674418,30.23255813953488
GME230303C00029000,29.0,0.2,527.0,21.5,0.9302325581395349,34.883720930232556
GME230303C00030000,30.0,0.17,1947.0,21.5,0.7906976744186047,39.53488372093023
GME230303C00031000,31.0,0.13,189.0,21.5,0.6046511627906977,44.18604651162791
GME230303C00032000,32.0,0.13,168.0,21.5,0.6046511627906977,48.837209302325576
GME230303C00033000,33.0,0.11,233.0,21.5,0.5116279069767442,53.48837209302325
GME230303C00034000,34.0,0.11,168.0,21.5,0.5116279069767442,58.139534883720934
GME230303C00035000,35.0,0.1,485.0,21.5,0.46511627906976744,62.7906976744186
GME230303C00036000,36.0,0.05,200.0,21.5,0.23255813953488372,67.44186046511628
GME230303C00037000,37.0,0.07,343.0,21.5,0.32558139534883723,72.09302325581395
GME230303C00038000,38.0,0.08,314.0,21.5,0.37209302325581395,76.74418604651163
GME230303C00039000,39.0,0.07,197.0,21.5,0.32558139534883723,81.3953488372093
GME230303C00040000,40.0,0.06,1696.0,21.5,0.27906976744186046,86.04651162790698
GME230310C00005000,5.0,18.25,0.0,21.5,84.88372093023256,-76.74418604651163
GME230310C00010000,10.0,11.85,0.0,21.5,55.11627906976744,-53.48837209302325
GME230310C00015000,15.0,4.85,1.0,21.5,22.55813953488372,-30.23255813953488
GME230310C00016000,16.0,3.87,25.0,21.5,18.0,-25.581395348837212
GME230310C00016500,16.5,3.79,2.0,21.5,17.627906976744185,-23.25581395348837
GME230310C00017000,17.0,2.95,17.0,21.5,13.72093023255814,-20.930232558139537
GME230310C00017500,17.5,3.85,10.0,21.5,17.906976744186046,-18.6046511627907
GME230310C00018000,18.0,2.19,14.0,21.5,10.186046511627907,-16.27906976744186
GME230310C00018500,18.5,2.38,517.0,21.5,11.069767441860465,-13.953488372093023
GME230310C00019000,19.0,2.52,32.0,21.5,11.720930232558139,-11.627906976744185
GME230310C00019500,19.5,2.48,88.0,21.5,11.534883720930232,-9.30232558139535
GME230310C00020000,20.0,2.25,166.0,21.5,10.465116279069768,-6.976744186046512
GME230310C00020500,20.5,2.0,70.0,21.5,9.30232558139535,-4.651162790697675
GME230310C00021000,21.0,1.76,74.0,21.5,8.186046511627907,-2.3255813953488373
GME230310C00021500,21.5,1.49,70.0,21.5,6.930232558139535,0.0
GME230310C00022000,22.0,1.35,264.0,21.5,6.279069767441861,2.3255813953488373
GME230310C00022500,22.5,1.19,97.0,21.5,5.534883720930233,4.651162790697675
GME230310C00023000,23.0,1.08,196.0,21.5,5.023255813953488,6.976744186046512
GME230310C00023500,23.5,0.96,222.0,21.5,4.465116279069767,9.30232558139535
GME230310C00024000,24.0,0.82,198.0,21.5,3.8139534883720927,11.627906976744185
GME230310C00024500,24.5,0.62,81.0,21.5,2.883720930232558,13.953488372093023
GME230310C00025000,25.0,0.67,208.0,21.5,3.116279069767442,16.27906976744186
GME230310C00025500,25.5,0.51,41.0,21.5,2.372093023255814,18.6046511627907
GME230310C00026000,26.0,0.53,719.0,21.5,2.4651162790697674,20.930232558139537
GME230310C00027000,27.0,0.42,138.0,21.5,1.9534883720930232,25.581395348837212
GME230310C00028000,28.0,0.35,95.0,21.5,1.627906976744186,30.23255813953488
GME230310C00029000,29.0,0.17,183.0,21.5,0.7906976744186047,34.883720930232556
GME230310C00030000,30.0,0.27,342.0,21.5,1.255813953488372,39.53488372093023
GME230310C00031000,31.0,0.22,42.0,21.5,1.0232558139534884,44.18604651162791
GME230310C00032000,32.0,0.18,241.0,21.5,0.8372093023255813,48.837209302325576
GME230310C00033000,33.0,0.19,8.0,21.5,0.8837209302325582,53.48837209302325
GME230310C00034000,34.0,0.15,31.0,21.5,0.6976744186046512,58.139534883720934
GME230310C00035000,35.0,0.13,112.0,21.5,0.6046511627906977,62.7906976744186
GME230310C00036000,36.0,0.12,68.0,21.5,0.5581395348837209,67.44186046511628
GME230310C00037000,37.0,0.11,131.0,21.5,0.5116279069767442,72.09302325581395
GME230310C00038000,38.0,0.11,70.0,21.5,0.5116279069767442,76.74418604651163
GME230310C00039000,39.0,0.13,14.0,21.5,0.6046511627906977,81.3953488372093
GME230310C00040000,40.0,0.1,349.0,21.5,0.46511627906976744,86.04651162790698
GME230317C00003000,3.0,16.41,10.0,21.5,76.32558139534883,-86.04651162790698
GME230317C00005000,5.0,18.0,0.0,21.5,83.72093023255815,-76.74418604651163
GME230317C00010000,10.0,10.75,12.0,21.5,50.0,-53.48837209302325
GME230317C00011000,11.0,9.3,0.0,21.5,43.25581395348838,-48.837209302325576
GME230317C00012000,12.0,11.37,0.0,21.5,52.883720930232556,-44.18604651162791
GME230317C00013000,13.0,7.24,18.0,21.5,33.674418604651166,-39.53488372093023
GME230317C00014000,14.0,5.95,9.0,21.5,27.674418604651162,-34.883720930232556
GME230317C00015000,15.0,5.92,364.0,21.5,27.53488372093023,-30.23255813953488
GME230317C00016000,16.0,4.68,371.0,21.5,21.767441860465116,-25.581395348837212
GME230317C00017000,17.0,3.95,881.0,21.5,18.372093023255815,-20.930232558139537
GME230317C00018000,18.0,3.55,1081.0,21.5,16.511627906976745,-16.27906976744186
GME230317C00019000,19.0,3.25,1001.0,21.5,15.11627906976744,-11.627906976744185
GME230317C00020000,20.0,2.61,4206.0,21.5,12.13953488372093,-6.976744186046512
GME230317C00021000,21.0,2.23,1818.0,21.5,10.372093023255815,-2.3255813953488373
GME230317C00022000,22.0,1.85,2155.0,21.5,8.604651162790699,2.3255813953488373
GME230317C00023000,23.0,1.53,2968.0,21.5,7.116279069767442,6.976744186046512
GME230317C00024000,24.0,1.21,3543.0,21.5,5.627906976744186,11.627906976744185
GME230317C00025000,25.0,1.05,11194.0,21.5,4.883720930232558,16.27906976744186
GME230317C00026000,26.0,0.83,2500.0,21.5,3.8604651162790695,20.930232558139537
GME230317C00027000,27.0,0.68,2099.0,21.5,3.162790697674419,25.581395348837212
GME230317C00028000,28.0,0.57,1227.0,21.5,2.6511627906976742,30.23255813953488
GME230317C00029000,29.0,0.51,604.0,21.5,2.372093023255814,34.883720930232556
GME230317C00030000,30.0,0.45,6768.0,21.5,2.0930232558139537,39.53488372093023
GME230317C00031000,31.0,0.36,281.0,21.5,1.6744186046511627,44.18604651162791
GME230317C00032000,32.0,0.35,509.0,21.5,1.627906976744186,48.837209302325576
GME230317C00033000,33.0,0.28,160.0,21.5,1.302325581395349,53.48837209302325
GME230317C00034000,34.0,0.27,197.0,21.5,1.255813953488372,58.139534883720934
GME230317C00035000,35.0,0.26,2965.0,21.5,1.2093023255813955,62.7906976744186
GME230317C00036000,36.0,0.23,374.0,21.5,1.0697674418604652,67.44186046511628
GME230317C00037000,37.0,0.21,215.0,21.5,0.9767441860465116,72.09302325581395
GME230317C00038000,38.0,0.15,174.0,21.5,0.6976744186046512,76.74418604651163
GME230317C00039000,39.0,0.13,173.0,21.5,0.6046511627906977,81.3953488372093
GME230317C00040000,40.0,0.17,1995.0,21.5,0.7906976744186047,86.04651162790698
GME230317C00041000,41.0,0.14,282.0,21.5,0.6511627906976745,90.69767441860465
GME230317C00042000,42.0,0.15,226.0,21.5,0.6976744186046512,95.34883720930233
GME230317C00043000,43.0,0.12,122.0,21.5,0.5581395348837209,100.0
GME230317C00044000,44.0,0.1,31.0,21.5,0.46511627906976744,104.65116279069768
GME230317C00045000,45.0,0.12,571.0,21.5,0.5581395348837209,109.30232558139534
GME230317C00046000,46.0,0.13,45.0,21.5,0.6046511627906977,113.95348837209302
GME230317C00047000,47.0,0.12,94.0,21.5,0.5581395348837209,118.6046511627907
GME230317C00048000,48.0,0.16,81.0,21.5,0.7441860465116279,123.25581395348837
GME230317C00049000,49.0,0.12,50.0,21.5,0.5581395348837209,127.90697674418605
GME230317C00050000,50.0,0.1,1862.0,21.5,0.46511627906976744,132.5581395348837
GME230317C00055000,55.0,0.09,315.0,21.5,0.41860465116279066,155.8139534883721
GME230317C00060000,60.0,0.07,2317.0,21.5,0.32558139534883723,179.06976744186048
GME230317C00065000,65.0,0.07,5366.0,21.5,0.32558139534883723,202.32558139534885
GME230324C00016000,16.0,4.03,5.0,21.5,18.74418604651163,-25.581395348837212
GME230324C00017000,17.0,3.8,7.0,21.5,17.674418604651162,-20.930232558139537
GME230324C00017500,17.5,4.15,,21.5,19.302325581395348,-18.6046511627907
GME230324C00018500,18.5,4.6,71.0,21.5,21.3953488372093,-13.953488372093023
GME230324C00019000,19.0,3.39,20.0,21.5,15.767441860465118,-11.627906976744185
GME230324C00019500,19.5,2.46,6.0,21.5,11.441860465116278,-9.30232558139535
GME230324C00020000,20.0,2.61,48.0,21.5,12.13953488372093,-6.976744186046512
GME230324C00020500,20.5,1.95,24.0,21.5,9.069767441860463,-4.651162790697675
GME230324C00021000,21.0,2.5,19.0,21.5,11.627906976744185,-2.3255813953488373
GME230324C00021500,21.5,2.26,70.0,21.5,10.511627906976743,0.0
GME230324C00022000,22.0,2.21,55.0,21.5,10.279069767441861,2.3255813953488373
GME230324C00022500,22.5,1.97,29.0,21.5,9.162790697674419,4.651162790697675
GME230324C00023000,23.0,1.85,157.0,21.5,8.604651162790699,6.976744186046512
GME230324C00023500,23.5,1.63,27.0,21.5,7.581395348837209,9.30232558139535
GME230324C00024000,24.0,1.55,36.0,21.5,7.209302325581396,11.627906976744185
GME230324C00024500,24.5,1.35,41.0,21.5,6.279069767441861,13.953488372093023
GME230324C00025000,25.0,1.35,283.0,21.5,6.279069767441861,16.27906976744186
GME230324C00025500,25.5,1.23,52.0,21.5,5.720930232558139,18.6046511627907
GME230324C00026000,26.0,1.18,12.0,21.5,5.488372093023256,20.930232558139537
GME230324C00026500,26.5,1.06,5.0,21.5,4.930232558139535,23.25581395348837
GME230324C00027000,27.0,1.0,34.0,21.5,4.651162790697675,25.581395348837212
GME230324C00028000,28.0,0.85,61.0,21.5,3.953488372093023,30.23255813953488
GME230324C00029000,29.0,1.05,28.0,21.5,4.883720930232558,34.883720930232556
GME230324C00030000,30.0,0.65,127.0,21.5,3.0232558139534884,39.53488372093023
GME230324C00031000,31.0,0.56,220.0,21.5,2.604651162790698,44.18604651162791
GME230324C00032000,32.0,0.55,15.0,21.5,2.558139534883721,48.837209302325576
GME230324C00033000,33.0,0.33,11.0,21.5,1.5348837209302326,53.48837209302325
GME230324C00034000,34.0,0.43,21.0,21.5,2.0,58.139534883720934
GME230324C00035000,35.0,0.32,163.0,21.5,1.4883720930232558,62.7906976744186
GME230331C00015000,15.0,5.49,8.0,21.5,25.534883720930235,-30.23255813953488
GME230331C00020000,20.0,3.05,18.0,21.5,14.186046511627906,-6.976744186046512
GME230331C00020500,20.5,2.66,14.0,21.5,12.372093023255815,-4.651162790697675
GME230331C00021500,21.5,2.64,0.0,21.5,12.279069767441861,0.0
GME230331C00022000,22.0,2.24,6.0,21.5,10.418604651162791,2.3255813953488373
GME230331C00023000,23.0,2.02,32.0,21.5,9.395348837209303,6.976744186046512
GME230331C00024000,24.0,1.65,3.0,21.5,7.674418604651162,11.627906976744185
GME230331C00025000,25.0,1.55,18.0,21.5,7.209302325581396,16.27906976744186
GME230331C00025500,25.5,1.37,5.0,21.5,6.372093023255815,18.6046511627907
GME230331C00026000,26.0,1.2,5.0,21.5,5.5813953488372094,20.930232558139537
GME230331C00026500,26.5,1.03,1.0,21.5,4.790697674418605,23.25581395348837
GME230331C00027000,27.0,1.11,2.0,21.5,5.16279069767442,25.581395348837212
GME230331C00030000,30.0,0.71,55.0,21.5,3.302325581395349,39.53488372093023
GME230331C00032000,32.0,0.62,30.0,21.5,2.883720930232558,48.837209302325576
GME230421C00003000,3.0,18.05,0.0,21.5,83.95348837209302,-86.04651162790698
GME230421C00010000,10.0,9.75,3.0,21.5,45.348837209302324,-53.48837209302325
GME230421C00011250,11.25,9.65,62.0,21.5,44.88372093023256,-47.674418604651166
GME230421C00012500,12.5,8.7,827.0,21.5,40.46511627906976,-41.86046511627907
GME230421C00013750,13.75,6.9,22.0,21.5,32.09302325581396,-36.04651162790697
GME230421C00015000,15.0,6.4,409.0,21.5,29.767441860465116,-30.23255813953488
GME230421C00016250,16.25,4.17,191.0,21.5,19.395348837209305,-24.418604651162788
GME230421C00017500,17.5,4.7,205.0,21.5,21.86046511627907,-18.6046511627907
GME230421C00018750,18.75,3.85,381.0,21.5,17.906976744186046,-12.790697674418606
GME230421C00020000,20.0,3.44,3078.0,21.5,16.0,-6.976744186046512
GME230421C00021250,21.25,3.1,444.0,21.5,14.418604651162791,-1.1627906976744187
GME230421C00022500,22.5,2.61,1051.0,21.5,12.13953488372093,4.651162790697675
GME230421C00023750,23.75,2.01,2416.0,21.5,9.348837209302324,10.465116279069768
GME230421C00025000,25.0,1.9,3039.0,21.5,8.837209302325581,16.27906976744186
GME230421C00026250,26.25,1.55,596.0,21.5,7.209302325581396,22.093023255813954
GME230421C00027500,27.5,1.39,3790.0,21.5,6.465116279069767,27.906976744186046
GME230421C00028750,28.75,1.1,520.0,21.5,5.116279069767442,33.72093023255814
GME230421C00030000,30.0,1.05,3457.0,21.5,4.883720930232558,39.53488372093023
GME230421C00031250,31.25,0.85,103.0,21.5,3.953488372093023,45.348837209302324
GME230421C00032500,32.5,0.78,447.0,21.5,3.6279069767441863,51.162790697674424
GME230421C00033750,33.75,0.53,230.0,21.5,2.4651162790697674,56.97674418604651
GME230421C00035000,35.0,0.62,883.0,21.5,2.883720930232558,62.7906976744186
GME230421C00036250,36.25,0.58,117.0,21.5,2.6976744186046506,68.6046511627907
GME230421C00037500,37.5,0.52,1069.0,21.5,2.418604651162791,74.4186046511628
GME230421C00038750,38.75,0.39,36.0,21.5,1.8139534883720931,80.23255813953489
GME230421C00040000,40.0,0.43,1213.0,21.5,2.0,86.04651162790698
GME230421C00041250,41.25,0.32,124.0,21.5,1.4883720930232558,91.86046511627907
GME230421C00042500,42.5,0.39,104.0,21.5,1.8139534883720931,97.67441860465115
GME230421C00043750,43.75,0.34,87.0,21.5,1.5813953488372094,103.48837209302326
GME230421C00045000,45.0,0.33,778.0,21.5,1.5348837209302326,109.30232558139534
GME230421C00046250,46.25,0.36,91.0,21.5,1.6744186046511627,115.11627906976744
GME230421C00047500,47.5,0.4,112.0,21.5,1.8604651162790697,120.93023255813952
GME230421C00048750,48.75,0.22,99.0,21.5,1.0232558139534884,126.74418604651163
GME230421C00050000,50.0,0.26,1482.0,21.5,1.2093023255813955,132.5581395348837
GME230421C00052500,52.5,0.22,253.0,21.5,1.0232558139534884,144.1860465116279
GME230421C00055000,55.0,0.2,181.0,21.5,0.9302325581395349,155.8139534883721
GME230421C00057500,57.5,0.44,39.0,21.5,2.046511627906977,167.4418604651163
GME230421C00060000,60.0,0.14,254.0,21.5,0.6511627906976745,179.06976744186048
GME230421C00062500,62.5,0.35,125.0,21.5,1.627906976744186,190.69767441860466
GME230421C00065000,65.0,0.18,34.0,21.5,0.8372093023255813,202.32558139534885
GME230421C00067500,67.5,0.11,167.0,21.5,0.5116279069767442,213.953488372093
GME230421C00070000,70.0,0.15,153.0,21.5,0.6976744186046512,225.58139534883722
GME230421C00072500,72.5,0.37,63.0,21.5,1.7209302325581395,237.2093023255814
GME230421C00075000,75.0,0.12,7578.0,21.5,0.5581395348837209,248.8372093023256
GME230421C00077500,77.5,0.12,744.0,21.5,0.5581395348837209,260.4651162790698
GME230421C00080000,80.0,0.11,2582.0,21.5,0.5116279069767442,272.09302325581393
GME230421C00085000,85.0,0.1,5505.0,21.5,0.46511627906976744,295.3488372093023
GME230421C00090000,90.0,66.0,22.0,21.5,306.9767441860465,318.6046511627907
GME230421C00095000,95.0,51.03,29.0,21.5,237.3488372093023,341.86046511627904
GME230421C00100000,100.0,61.92,11.0,21.5,288.0,365.1162790697674
GME230421C00105000,105.0,40.65,2.0,21.5,189.06976744186045,388.3720930232558
GME230421C00110000,110.0,50.3,3.0,21.5,233.95348837209303,411.6279069767442
GME230421C00115000,115.0,50.0,50.0,21.5,232.55813953488374,434.8837209302325
GME230421C00120000,120.0,45.52,27.0,21.5,211.72093023255815,458.13953488372096
GME230421C00125000,125.0,43.65,10.0,21.5,203.02325581395348,481.39534883720927
GME230421C00130000,130.0,50.0,17.0,21.5,232.55813953488374,504.6511627906977
GME230421C00135000,135.0,50.75,33.0,21.5,236.046511627907,527.906976744186
GME230421C00140000,140.0,42.61,23.0,21.5,198.1860465116279,551.1627906976744
GME230421C00145000,145.0,38.3,10.0,21.5,178.13953488372093,574.4186046511628
GME230421C00150000,150.0,40.0,23.0,21.5,186.04651162790697,597.6744186046511
GME230421C00155000,155.0,40.12,4.0,21.5,186.60465116279067,620.9302325581396
GME230421C00160000,160.0,39.15,5.0,21.5,182.09302325581396,644.1860465116279
GME230421C00165000,165.0,41.85,3.0,21.5,194.65116279069767,667.4418604651163
GME230421C00170000,170.0,36.55,2.0,21.5,170.0,690.6976744186046
GME230421C00175000,175.0,36.5,5.0,21.5,169.7674418604651,713.953488372093
GME230421C00180000,180.0,35.5,4.0,21.5,165.11627906976744,737.2093023255813
GME230421C00185000,185.0,28.0,5.0,21.5,130.2325581395349,760.4651162790698
GME230421C00190000,190.0,20.3,2.0,21.5,94.4186046511628,783.7209302325581
GME230421C00195000,195.0,30.5,2.0,21.5,141.86046511627907,806.9767441860465
GME230421C00200000,200.0,31.5,168.0,21.5,146.51162790697674,830.232558139535
GME230421C00210000,210.0,31.0,24.0,21.5,144.1860465116279,876.7441860465116
GME230421C00220000,220.0,25.0,6.0,21.5,116.27906976744187,923.2558139534884
GME230421C00230000,230.0,25.1,2.0,21.5,116.74418604651164,969.767441860465
GME230421C00240000,240.0,23.95,2.0,21.5,111.3953488372093,1016.2790697674419
GME230421C00250000,250.0,24.82,9.0,21.5,115.44186046511629,1062.7906976744184
GME230421C00260000,260.0,23.0,0.0,21.5,106.9767441860465,1109.3023255813953
GME230421C00270000,270.0,21.7,1.0,21.5,100.93023255813954,1155.813953488372
GME230421C00280000,280.0,18.4,7.0,21.5,85.5813953488372,1202.3255813953488
GME230421C00290000,290.0,17.5,21.0,21.5,81.3953488372093,1248.8372093023256
GME230421C00300000,300.0,17.0,1648.0,21.5,79.06976744186046,1295.3488372093022
GME230421C00310000,310.0,21.5,1.0,21.5,100.0,1341.860465116279
GME230421C00320000,320.0,15.2,2.0,21.5,70.69767441860465,1388.3720930232557
GME230519C00003000,3.0,16.35,1.0,21.5,76.046511627907,-86.04651162790698
GME230519C00006250,6.25,12.25,4.0,21.5,56.97674418604651,-70.93023255813954
GME230519C00007500,7.5,13.7,19.0,21.5,63.72093023255814,-65.11627906976744
GME230519C00008750,8.75,8.75,3.0,21.5,40.69767441860465,-59.30232558139535
GME230519C00010000,10.0,13.0,39.0,21.5,60.46511627906976,-53.48837209302325
GME230519C00011250,11.25,11.5,1.0,21.5,53.48837209302325,-47.674418604651166
GME230519C00012500,12.5,7.0,14.0,21.5,32.55813953488372,-41.86046511627907
GME230519C00013750,13.75,6.4,10.0,21.5,29.767441860465116,-36.04651162790697
GME230519C00015000,15.0,5.5,389.0,21.5,25.581395348837212,-30.23255813953488
GME230519C00016250,16.25,5.0,76.0,21.5,23.25581395348837,-24.418604651162788
GME230519C00017500,17.5,4.0,166.0,21.5,18.6046511627907,-18.6046511627907
GME230519C00018750,18.75,3.38,173.0,21.5,15.720930232558139,-12.790697674418606
GME230519C00020000,20.0,4.0,1390.0,21.5,18.6046511627907,-6.976744186046512
GME230519C00021250,21.25,2.75,191.0,21.5,12.790697674418606,-1.1627906976744187
GME230519C00022500,22.5,2.93,153.0,21.5,13.627906976744185,4.651162790697675
GME230519C00023750,23.75,1.95,161.0,21.5,9.069767441860463,10.465116279069768
GME230519C00025000,25.0,2.31,2181.0,21.5,10.744186046511627,16.27906976744186
GME230519C00026250,26.25,2.21,815.0,21.5,10.279069767441861,22.093023255813954
GME230519C00027500,27.5,1.73,167.0,21.5,8.046511627906977,27.906976744186046
GME230519C00028750,28.75,1.59,56.0,21.5,7.395348837209302,33.72093023255814
GME230519C00030000,30.0,1.41,438.0,21.5,6.558139534883721,39.53488372093023
GME230519C00031250,31.25,1.2,38.0,21.5,5.5813953488372094,45.348837209302324
GME230519C00032500,32.5,1.06,18.0,21.5,4.930232558139535,51.162790697674424
GME230519C00033750,33.75,2.0,20.0,21.5,9.30232558139535,56.97674418604651
GME230519C00035000,35.0,0.69,248.0,21.5,3.2093023255813953,62.7906976744186
GME230519C00036250,36.25,0.69,36.0,21.5,3.2093023255813953,68.6046511627907
GME230519C00037500,37.5,0.65,63.0,21.5,3.0232558139534884,74.4186046511628
GME230519C00038750,38.75,0.65,44.0,21.5,3.0232558139534884,80.23255813953489
GME230519C00040000,40.0,0.7,211.0,21.5,3.255813953488372,86.04651162790698
GME230519C00041250,41.25,1.05,58.0,21.5,4.883720930232558,91.86046511627907
GME230519C00042500,42.5,0.68,40.0,21.5,3.162790697674419,97.67441860465115
GME230519C00043750,43.75,0.84,632.0,21.5,3.9069767441860463,103.48837209302326
GME230519C00045000,45.0,0.46,127.0,21.5,2.1395348837209305,109.30232558139534
GME230519C00046250,46.25,1.12,120.0,21.5,5.209302325581396,115.11627906976744
GME230519C00047500,47.5,0.8,47.0,21.5,3.7209302325581395,120.93023255813952
GME230519C00048750,48.75,0.79,25.0,21.5,3.674418604651163,126.74418604651163
GME230519C00050000,50.0,0.35,266.0,21.5,1.627906976744186,132.5581395348837
GME230519C00052500,52.5,0.44,55.0,21.5,2.046511627906977,144.1860465116279
GME230519C00055000,55.0,0.43,52.0,21.5,2.0,155.8139534883721
GME230519C00057500,57.5,0.54,68.0,21.5,2.511627906976744,167.4418604651163
GME230519C00060000,60.0,0.25,454.0,21.5,1.1627906976744187,179.06976744186048
GME230519C00062500,62.5,0.24,28.0,21.5,1.1162790697674418,190.69767441860466
GME230519C00065000,65.0,0.18,139.0,21.5,0.8372093023255813,202.32558139534885
GME230519C00067500,67.5,0.69,34.0,21.5,3.2093023255813953,213.953488372093
GME230519C00070000,70.0,0.22,200.0,21.5,1.0232558139534884,225.58139534883722
GME230519C00072500,72.5,0.35,36.0,21.5,1.627906976744186,237.2093023255814
GME230519C00075000,75.0,0.18,2160.0,21.5,0.8372093023255813,248.8372093023256
GME230519C00077500,77.5,0.34,168.0,21.5,1.5813953488372094,260.4651162790698
GME230519C00080000,80.0,0.23,842.0,21.5,1.0697674418604652,272.09302325581393
GME230519C00130000,130.0,48.9,1.0,21.5,227.44186046511626,504.6511627906977
GME230519C00150000,150.0,48.07,1.0,21.5,223.58139534883722,597.6744186046511
GME230519C00300000,300.0,19.94,500.0,21.5,92.74418604651163,1295.3488372093022
GME230616C00003000,3.0,16.5,0.0,21.5,76.74418604651163,-86.04651162790698
GME230616C00005000,5.0,15.5,4.0,21.5,72.09302325581395,-76.74418604651163
GME230616C00010000,10.0,10.0,39.0,21.5,46.51162790697674,-53.48837209302325
GME230616C00012000,12.0,9.7,6.0,21.5,45.11627906976744,-44.18604651162791
GME230616C00013000,13.0,8.0,0.0,21.5,37.2093023255814,-39.53488372093023
GME230616C00014000,14.0,6.24,1.0,21.5,29.02325581395349,-34.883720930232556
GME230616C00015000,15.0,7.04,97.0,21.5,32.74418604651163,-30.23255813953488
GME230616C00016000,16.0,5.2,8.0,21.5,24.186046511627907,-25.581395348837212
GME230616C00017000,17.0,5.65,34.0,21.5,26.27906976744186,-20.930232558139537
GME230616C00018000,18.0,4.5,70.0,21.5,20.930232558139537,-16.27906976744186
GME230616C00019000,19.0,4.74,14.0,21.5,22.046511627906977,-11.627906976744185
GME230616C00020000,20.0,4.35,934.0,21.5,20.23255813953488,-6.976744186046512
GME230616C00021000,21.0,3.7,64.0,21.5,17.209302325581397,-2.3255813953488373
GME230616C00022000,22.0,3.55,98.0,21.5,16.511627906976745,2.3255813953488373
GME230616C00023000,23.0,2.82,64.0,21.5,13.116279069767442,6.976744186046512
GME230616C00024000,24.0,2.98,62.0,21.5,13.86046511627907,11.627906976744185
GME230616C00025000,25.0,2.84,1037.0,21.5,13.209302325581396,16.27906976744186
GME230616C00026000,26.0,2.47,10.0,21.5,11.488372093023257,20.930232558139537
GME230616C00027000,27.0,2.15,441.0,21.5,10.0,25.581395348837212
GME230616C00028000,28.0,2.2,22.0,21.5,10.232558139534884,30.23255813953488
GME230616C00029000,29.0,2.0,11.0,21.5,9.30232558139535,34.883720930232556
GME230616C00030000,30.0,1.85,668.0,21.5,8.604651162790699,39.53488372093023
GME230616C00033000,33.0,1.22,2.0,21.5,5.674418604651163,53.48837209302325
GME230616C00034000,34.0,1.11,12.0,21.5,5.16279069767442,58.139534883720934
GME230616C00035000,35.0,1.28,501.0,21.5,5.953488372093023,62.7906976744186
GME230616C00036000,36.0,1.01,3.0,21.5,4.6976744186046515,67.44186046511628
GME230616C00037000,37.0,2.22,3.0,21.5,10.32558139534884,72.09302325581395
GME230616C00038000,38.0,1.02,15.0,21.5,4.744186046511628,76.74418604651163
GME230616C00040000,40.0,0.94,528.0,21.5,4.372093023255814,86.04651162790698
GME230616C00045000,45.0,0.68,364.0,21.5,3.162790697674419,109.30232558139534
GME230616C00050000,50.0,0.54,515.0,21.5,2.511627906976744,132.5581395348837
GME230616C00055000,55.0,0.35,90.0,21.5,1.627906976744186,155.8139534883721
GME230616C00060000,60.0,0.57,106.0,21.5,2.6511627906976742,179.06976744186048
GME230616C00065000,65.0,0.25,68.0,21.5,1.1627906976744187,202.32558139534885
GME230616C00070000,70.0,0.3,149.0,21.5,1.3953488372093024,225.58139534883722
GME230616C00075000,75.0,0.25,158.0,21.5,1.1627906976744187,248.8372093023256
GME230616C00080000,80.0,0.21,5249.0,21.5,0.9767441860465116,272.09302325581393
GME230721C00003000,3.0,15.75,0.0,21.5,73.25581395348837,-86.04651162790698
GME230721C00005000,5.0,17.89,0.0,21.5,83.2093023255814,-76.74418604651163
GME230721C00010000,10.0,12.57,6.0,21.5,58.465116279069775,-53.48837209302325
GME230721C00014000,14.0,6.47,21.0,21.5,30.09302325581395,-34.883720930232556
GME230721C00015000,15.0,7.45,77.0,21.5,34.651162790697676,-30.23255813953488
GME230721C00016000,16.0,5.68,0.0,21.5,26.41860465116279,-25.581395348837212
GME230721C00017000,17.0,5.1,25.0,21.5,23.72093023255814,-20.930232558139537
GME230721C00018000,18.0,4.75,36.0,21.5,22.093023255813954,-16.27906976744186
GME230721C00019000,19.0,4.0,133.0,21.5,18.6046511627907,-11.627906976744185
GME230721C00020000,20.0,4.75,500.0,21.5,22.093023255813954,-6.976744186046512
GME230721C00021000,21.0,4.21,70.0,21.5,19.58139534883721,-2.3255813953488373
GME230721C00022000,22.0,3.95,218.0,21.5,18.372093023255815,2.3255813953488373
GME230721C00023000,23.0,3.55,48.0,21.5,16.511627906976745,6.976744186046512
GME230721C00024000,24.0,2.58,243.0,21.5,12.000000000000002,11.627906976744185
GME230721C00025000,25.0,2.48,129.0,21.5,11.534883720930232,16.27906976744186
GME230721C00026000,26.0,2.3,25.0,21.5,10.69767441860465,20.930232558139537
GME230721C00027000,27.0,2.35,5.0,21.5,10.930232558139535,25.581395348837212
GME230721C00028000,28.0,2.07,66.0,21.5,9.627906976744185,30.23255813953488
GME230721C00029000,29.0,3.0,16.0,21.5,13.953488372093023,34.883720930232556
GME230721C00030000,30.0,1.77,214.0,21.5,8.232558139534882,39.53488372093023
GME230721C00031000,31.0,3.2,39.0,21.5,14.883720930232558,44.18604651162791
GME230721C00032000,32.0,1.8,62.0,21.5,8.372093023255815,48.837209302325576
GME230721C00033000,33.0,1.53,42.0,21.5,7.116279069767442,53.48837209302325
GME230721C00034000,34.0,1.3,3.0,21.5,6.046511627906977,58.139534883720934
GME230721C00035000,35.0,1.2,89.0,21.5,5.5813953488372094,62.7906976744186
GME230721C00037000,37.0,1.17,9.0,21.5,5.441860465116279,72.09302325581395
GME230721C00040000,40.0,1.02,124.0,21.5,4.744186046511628,86.04651162790698
GME230721C00045000,45.0,1.4,34.0,21.5,6.511627906976744,109.30232558139534
GME230721C00050000,50.0,0.72,132.0,21.5,3.3488372093023253,132.5581395348837
GME230721C00055000,55.0,0.62,2741.0,21.5,2.883720930232558,155.8139534883721
GME230818C00003000,3.0,17.75,0.0,21.5,82.55813953488372,-86.04651162790698
GME230818C00010000,10.0,11.6,1.0,21.5,53.95348837209302,-53.48837209302325
GME230818C00011250,11.25,10.57,9.0,21.5,49.16279069767442,-47.674418604651166
GME230818C00012500,12.5,10.64,16.0,21.5,49.48837209302326,-41.86046511627907
GME230818C00013750,13.75,6.94,9.0,21.5,32.27906976744187,-36.04651162790697
GME230818C00015000,15.0,6.34,40.0,21.5,29.48837209302326,-30.23255813953488
GME230818C00016250,16.25,5.35,229.0,21.5,24.883720930232556,-24.418604651162788
GME230818C00017500,17.5,4.8,50.0,21.5,22.325581395348838,-18.6046511627907
GME230818C00018750,18.75,5.4,50.0,21.5,25.116279069767444,-12.790697674418606
GME230818C00020000,20.0,5.15,213.0,21.5,23.953488372093023,-6.976744186046512
GME230818C00021250,21.25,4.5,62.0,21.5,20.930232558139537,-1.1627906976744187
GME230818C00022500,22.5,3.25,153.0,21.5,15.11627906976744,4.651162790697675
GME230818C00023750,23.75,3.8,23.0,21.5,17.674418604651162,10.465116279069768
GME230818C00025000,25.0,3.2,369.0,21.5,14.883720930232558,16.27906976744186
GME230818C00026250,26.25,2.36,61.0,21.5,10.976744186046512,22.093023255813954
GME230818C00027500,27.5,2.32,71.0,21.5,10.790697674418603,27.906976744186046
GME230818C00028750,28.75,2.08,74.0,21.5,9.674418604651164,33.72093023255814
GME230818C00030000,30.0,2.1,348.0,21.5,9.767441860465116,39.53488372093023
GME230818C00031250,31.25,2.51,11.0,21.5,11.674418604651162,45.348837209302324
GME230818C00032500,32.5,2.22,46.0,21.5,10.32558139534884,51.162790697674424
GME230818C00033750,33.75,2.44,44.0,21.5,11.348837209302326,56.97674418604651
GME230818C00035000,35.0,1.75,125.0,21.5,8.13953488372093,62.7906976744186
GME230818C00036250,36.25,2.3,53.0,21.5,10.69767441860465,68.6046511627907
GME230818C00037500,37.5,1.12,16.0,21.5,5.209302325581396,74.4186046511628
GME230818C00038750,38.75,1.98,9.0,21.5,9.209302325581396,80.23255813953489
GME230818C00040000,40.0,1.19,5142.0,21.5,5.534883720930233,86.04651162790698
GME230818C00041250,41.25,1.15,46.0,21.5,5.348837209302325,91.86046511627907
GME230818C00042500,42.5,1.58,122.0,21.5,7.348837209302326,97.67441860465115
GME230818C00043750,43.75,3.78,66.0,21.5,17.58139534883721,103.48837209302326
GME230818C00045000,45.0,0.93,52.0,21.5,4.325581395348838,109.30232558139534
GME230818C00046250,46.25,4.1,9.0,21.5,19.069767441860463,115.11627906976744
GME230818C00047500,47.5,0.8,75.0,21.5,3.7209302325581395,120.93023255813952
GME230818C00048750,48.75,1.16,151.0,21.5,5.395348837209301,126.74418604651163
GME230818C00050000,50.0,0.87,4637.0,21.5,4.046511627906977,132.5581395348837
GME230818C00052500,52.5,0.77,21.0,21.5,3.5813953488372094,144.1860465116279
GME230818C00055000,55.0,0.7,17.0,21.5,3.255813953488372,155.8139534883721
GME230818C00057500,57.5,0.7,43.0,21.5,3.255813953488372,167.4418604651163
GME230818C00060000,60.0,0.5,49.0,21.5,2.3255813953488373,179.06976744186048
GME230818C00062500,62.5,0.55,22.0,21.5,2.558139534883721,190.69767441860466
GME230818C00065000,65.0,0.4,23.0,21.5,1.8604651162790697,202.32558139534885
GME230818C00067500,67.5,0.46,355.0,21.5,2.1395348837209305,213.953488372093
GME230818C00070000,70.0,0.45,268.0,21.5,2.0930232558139537,225.58139534883722
GME230818C00072500,72.5,0.62,3066.0,21.5,2.883720930232558,237.2093023255814
GME230818C00075000,75.0,0.47,350.0,21.5,2.186046511627907,248.8372093023256
GME230818C00077500,77.5,0.57,81.0,21.5,2.6511627906976742,260.4651162790698
GME230818C00080000,80.0,0.33,564.0,21.5,1.5348837209302326,272.09302325581393
GME230818C00085000,85.0,65.9,2.0,21.5,306.5116279069768,295.3488372093023
GME230818C00090000,90.0,64.0,10.0,21.5,297.6744186046512,318.6046511627907
GME230818C00095000,95.0,51.0,1.0,21.5,237.2093023255814,341.86046511627904
GME230818C00100000,100.0,64.85,21.0,21.5,301.62790697674416,365.1162790697674
GME230818C00105000,105.0,56.82,1.0,21.5,264.27906976744185,388.3720930232558
GME230818C00110000,110.0,55.9,2.0,21.5,260.0,411.6279069767442
GME230818C00120000,120.0,51.84,3.0,21.5,241.11627906976744,458.13953488372096
GME230818C00125000,125.0,45.9,2.0,21.5,213.48837209302326,481.39534883720927
GME230818C00130000,130.0,54.25,3.0,21.5,252.32558139534885,504.6511627906977
GME230818C00135000,135.0,56.82,1.0,21.5,264.27906976744185,527.906976744186
GME230818C00140000,140.0,49.4,3.0,21.5,229.7674418604651,551.1627906976744
GME230818C00145000,145.0,51.65,4.0,21.5,240.23255813953486,574.4186046511628
GME230818C00150000,150.0,48.07,3.0,21.5,223.58139534883722,597.6744186046511
GME230818C00155000,155.0,42.96,3.0,21.5,199.8139534883721,620.9302325581396
GME230818C00160000,160.0,40.1,3.0,21.5,186.51162790697674,644.1860465116279
GME230818C00165000,165.0,39.55,8.0,21.5,183.953488372093,667.4418604651163
GME230818C00170000,170.0,49.65,11.0,21.5,230.93023255813955,690.6976744186046
GME230818C00175000,175.0,42.9,16.0,21.5,199.53488372093022,713.953488372093
GME230818C00180000,180.0,36.29,2.0,21.5,168.79069767441862,737.2093023255813
GME230818C00185000,185.0,44.26,0.0,21.5,205.86046511627907,760.4651162790698
GME230818C00195000,195.0,35.9,9.0,21.5,166.97674418604652,806.9767441860465
GME230818C00200000,200.0,30.0,1041.0,21.5,139.53488372093022,830.232558139535
GME230818C00210000,210.0,34.77,5.0,21.5,161.72093023255815,876.7441860465116
GME230818C00220000,220.0,33.22,1.0,21.5,154.51162790697674,923.2558139534884
GME230818C00230000,230.0,26.8,2.0,21.5,124.65116279069768,969.767441860465
GME230818C00250000,250.0,26.8,3.0,21.5,124.65116279069768,1062.7906976744184
GME230818C00280000,280.0,27.25,2.0,21.5,126.74418604651163,1202.3255813953488
GME230818C00290000,290.0,22.75,751.0,21.5,105.8139534883721,1248.8372093023256
GME230818C00300000,300.0,26.07,33.0,21.5,121.25581395348837,1295.3488372093022
GME230915C00010000,10.0,10.95,7.0,21.5,50.93023255813953,-53.48837209302325
GME230915C00011000,11.0,8.92,4.0,21.5,41.48837209302326,-48.837209302325576
GME230915C00013000,13.0,10.5,6.0,21.5,48.837209302325576,-39.53488372093023
GME230915C00014000,14.0,7.18,14.0,21.5,33.3953488372093,-34.883720930232556
GME230915C00015000,15.0,6.2,369.0,21.5,28.837209302325583,-30.23255813953488
GME230915C00017000,17.0,5.86,2.0,21.5,27.25581395348837,-20.930232558139537
GME230915C00019000,19.0,4.3,7.0,21.5,20.0,-11.627906976744185
GME230915C00020000,20.0,4.75,227.0,21.5,22.093023255813954,-6.976744186046512
GME230915C00021000,21.0,3.8,105.0,21.5,17.674418604651162,-2.3255813953488373
GME230915C00022000,22.0,4.0,31.0,21.5,18.6046511627907,2.3255813953488373
GME230915C00023000,23.0,4.0,30.0,21.5,18.6046511627907,6.976744186046512
GME230915C00024000,24.0,3.15,43.0,21.5,14.651162790697676,11.627906976744185
GME230915C00025000,25.0,3.2,272.0,21.5,14.883720930232558,16.27906976744186
GME230915C00026000,26.0,3.6,31.0,21.5,16.74418604651163,20.930232558139537
GME230915C00027000,27.0,4.04,29.0,21.5,18.790697674418606,25.581395348837212
GME230915C00029000,29.0,2.6,11.0,21.5,12.093023255813954,34.883720930232556
GME230915C00030000,30.0,2.75,129.0,21.5,12.790697674418606,39.53488372093023
GME230915C00031000,31.0,2.45,1.0,21.5,11.395348837209303,44.18604651162791
GME230915C00032000,32.0,2.35,1.0,21.5,10.930232558139535,48.837209302325576
GME230915C00033000,33.0,2.6,6.0,21.5,12.093023255813954,53.48837209302325
GME230915C00034000,34.0,1.9,2.0,21.5,8.837209302325581,58.139534883720934
GME230915C00035000,35.0,1.8,100.0,21.5,8.372093023255815,62.7906976744186
GME230915C00036000,36.0,1.93,1.0,21.5,8.976744186046512,67.44186046511628
GME230915C00037000,37.0,1.85,1.0,21.5,8.604651162790699,72.09302325581395
GME230915C00038000,38.0,1.77,1.0,21.5,8.232558139534882,76.74418604651163
GME230915C00039000,39.0,1.67,5.0,21.5,7.767441860465116,81.3953488372093
GME230915C00040000,40.0,1.3,200.0,21.5,6.046511627906977,86.04651162790698
GME231020C00003000,3.0,17.62,2.0,21.5,81.95348837209303,-86.04651162790698
GME231020C00010000,10.0,12.5,6.0,21.5,58.139534883720934,-53.48837209302325
GME231020C00011000,11.0,10.42,,21.5,48.46511627906977,-48.837209302325576
GME231020C00012000,12.0,8.12,32.0,21.5,37.76744186046511,-44.18604651162791
GME231020C00015000,15.0,6.35,22.0,21.5,29.53488372093023,-30.23255813953488
GME231020C00016000,16.0,5.98,6.0,21.5,27.813953488372096,-25.581395348837212
GME231020C00018000,18.0,5.3,7.0,21.5,24.651162790697672,-16.27906976744186
GME231020C00020000,20.0,5.35,1237.0,21.5,24.883720930232556,-6.976744186046512
GME231020C00021000,21.0,5.4,27.0,21.5,25.116279069767444,-2.3255813953488373
GME231020C00022000,22.0,4.55,4.0,21.5,21.16279069767442,2.3255813953488373
GME231020C00023000,23.0,4.35,22.0,21.5,20.23255813953488,6.976744186046512
GME231020C00024000,24.0,5.45,1.0,21.5,25.348837209302328,11.627906976744185
GME231020C00025000,25.0,3.3,2976.0,21.5,15.348837209302324,16.27906976744186
GME231020C00026000,26.0,4.0,10.0,21.5,18.6046511627907,20.930232558139537
GME231020C00027000,27.0,3.65,1.0,21.5,16.97674418604651,25.581395348837212
GME231020C00030000,30.0,3.05,208.0,21.5,14.186046511627906,39.53488372093023
GME231020C00035000,35.0,3.15,49.0,21.5,14.651162790697676,62.7906976744186
GME231020C00036000,36.0,2.64,2.0,21.5,12.279069767441861,67.44186046511628
GME231020C00037000,37.0,2.17,2.0,21.5,10.093023255813954,72.09302325581395
GME231020C00039000,39.0,1.94,5.0,21.5,9.023255813953488,81.3953488372093
GME231020C00040000,40.0,1.81,228.0,21.5,8.418604651162791,86.04651162790698
GME231117C00003000,3.0,16.15,0.0,21.5,75.11627906976743,-86.04651162790698
GME231117C00005000,5.0,14.05,0.0,21.5,65.34883720930232,-76.74418604651163
GME231117C00010000,10.0,10.6,727.0,21.5,49.302325581395344,-53.48837209302325
GME231117C00013000,13.0,8.55,2.0,21.5,39.76744186046512,-39.53488372093023
GME231117C00015000,15.0,6.52,273.0,21.5,30.325581395348834,-30.23255813953488
GME231117C00020000,20.0,5.4,1143.0,21.5,25.116279069767444,-6.976744186046512
GME231117C00022000,22.0,4.2,21.0,21.5,19.53488372093023,2.3255813953488373
GME231117C00025000,25.0,4.39,2948.0,21.5,20.418604651162788,16.27906976744186
GME231117C00027000,27.0,3.45,2.0,21.5,16.04651162790698,25.581395348837212
GME231117C00030000,30.0,2.65,771.0,21.5,12.325581395348836,39.53488372093023
GME231117C00032000,32.0,3.1,92.0,21.5,14.418604651162791,48.837209302325576
GME231117C00035000,35.0,2.83,80.0,21.5,13.16279069767442,62.7906976744186
GME231117C00037000,37.0,2.0,1.0,21.5,9.30232558139535,72.09302325581395
GME231117C00040000,40.0,1.5,2996.0,21.5,6.976744186046512,86.04651162790698
GME231215C00003000,3.0,18.75,0.0,21.5,87.20930232558139,-86.04651162790698
GME231215C00008000,8.0,12.15,3.0,21.5,56.51162790697675,-62.7906976744186
GME231215C00010000,10.0,12.0,234.0,21.5,55.81395348837209,-53.48837209302325
GME231215C00011250,11.25,12.2,25.0,21.5,56.74418604651162,-47.674418604651166
GME231215C00012500,12.5,9.45,84.0,21.5,43.95348837209302,-41.86046511627907
GME231215C00013750,13.75,8.71,44.0,21.5,40.51162790697675,-36.04651162790697
GME231215C00015000,15.0,8.2,285.0,21.5,38.13953488372093,-30.23255813953488
GME231215C00016250,16.25,6.36,855.0,21.5,29.58139534883721,-24.418604651162788
GME231215C00017500,17.5,4.9,13.0,21.5,22.790697674418606,-18.6046511627907
GME231215C00018750,18.75,5.09,649.0,21.5,23.674418604651162,-12.790697674418606
GME231215C00020000,20.0,5.65,530.0,21.5,26.27906976744186,-6.976744186046512
GME231215C00021250,21.25,5.3,111.0,21.5,24.651162790697672,-1.1627906976744187
GME231215C00022500,22.5,4.8,79.0,21.5,22.325581395348838,4.651162790697675
GME231215C00023750,23.75,3.8,49.0,21.5,17.674418604651162,10.465116279069768
GME231215C00025000,25.0,4.2,268.0,21.5,19.53488372093023,16.27906976744186
GME231215C00026250,26.25,4.0,28.0,21.5,18.6046511627907,22.093023255813954
GME231215C00027500,27.5,3.7,326.0,21.5,17.209302325581397,27.906976744186046
GME231215C00028750,28.75,3.58,28.0,21.5,16.651162790697676,33.72093023255814
GME231215C00030000,30.0,3.5,1388.0,21.5,16.27906976744186,39.53488372093023
GME231215C00031250,31.25,3.15,31.0,21.5,14.651162790697676,45.348837209302324
GME231215C00032500,32.5,3.6,268.0,21.5,16.74418604651163,51.162790697674424
GME231215C00033750,33.75,2.79,208.0,21.5,12.976744186046513,56.97674418604651
GME231215C00035000,35.0,2.7,168.0,21.5,12.558139534883722,62.7906976744186
GME231215C00036250,36.25,3.1,34.0,21.5,14.418604651162791,68.6046511627907
GME231215C00037500,37.5,1.99,990.0,21.5,9.255813953488373,74.4186046511628
GME231215C00038750,38.75,2.08,12.0,21.5,9.674418604651164,80.23255813953489
GME231215C00040000,40.0,1.76,480.0,21.5,8.186046511627907,86.04651162790698
GME231215C00041250,41.25,4.6,19.0,21.5,21.3953488372093,91.86046511627907
GME231215C00042500,42.5,8.1,1.0,21.5,37.67441860465116,97.67441860465115
GME231215C00043750,43.75,6.73,5.0,21.5,31.30232558139535,103.48837209302326
GME231215C00045000,45.0,1.65,96.0,21.5,7.674418604651162,109.30232558139534
GME231215C00046250,46.25,1.87,722.0,21.5,8.697674418604652,115.11627906976744
GME231215C00047500,47.5,4.68,5.0,21.5,21.767441860465116,120.93023255813952
GME231215C00048750,48.75,2.12,3522.0,21.5,9.86046511627907,126.74418604651163
GME231215C00050000,50.0,1.11,368.0,21.5,5.16279069767442,132.5581395348837
GME231215C00052500,52.5,5.14,14.0,21.5,23.906976744186046,144.1860465116279
GME231215C00055000,55.0,1.2,217.0,21.5,5.5813953488372094,155.8139534883721
GME231215C00057500,57.5,1.07,4.0,21.5,4.976744186046512,167.4418604651163
GME231215C00060000,60.0,1.1,171.0,21.5,5.116279069767442,179.06976744186048
GME231215C00062500,62.5,0.89,252.0,21.5,4.1395348837209305,190.69767441860466
GME231215C00065000,65.0,0.95,35.0,21.5,4.4186046511627906,202.32558139534885
GME231215C00067500,67.5,0.9,5.0,21.5,4.186046511627907,213.953488372093
GME231215C00070000,70.0,0.8,50.0,21.5,3.7209302325581395,225.58139534883722
GME231215C00072500,72.5,0.72,6.0,21.5,3.3488372093023253,237.2093023255814
GME231215C00075000,75.0,0.55,345.0,21.5,2.558139534883721,248.8372093023256
GME231215C00077500,77.5,0.49,26.0,21.5,2.27906976744186,260.4651162790698
GME231215C00080000,80.0,0.65,644.0,21.5,3.0232558139534884,272.09302325581393
GME231215C00085000,85.0,79.87,1.0,21.5,371.48837209302326,295.3488372093023
GME231215C00090000,90.0,65.0,5.0,21.5,302.3255813953488,318.6046511627907
GME231215C00095000,95.0,62.95,7.0,21.5,292.7906976744186,341.86046511627904
GME231215C00100000,100.0,50.0,10.0,21.5,232.55813953488374,365.1162790697674
GME231215C00105000,105.0,64.9,5.0,21.5,301.8604651162791,388.3720930232558
GME231215C00110000,110.0,42.5,1.0,21.5,197.67441860465115,411.6279069767442
GME231215C00120000,120.0,51.0,9.0,21.5,237.2093023255814,458.13953488372096
GME231215C00125000,125.0,50.05,2.0,21.5,232.7906976744186,481.39534883720927
GME231215C00130000,130.0,52.05,1.0,21.5,242.09302325581393,504.6511627906977
GME231215C00135000,135.0,43.98,9.0,21.5,204.5581395348837,527.906976744186
GME231215C00140000,140.0,60.1,1.0,21.5,279.5348837209302,551.1627906976744
GME231215C00145000,145.0,60.0,6.0,21.5,279.06976744186045,574.4186046511628
GME231215C00150000,150.0,56.38,17.0,21.5,262.2325581395349,597.6744186046511
GME231215C00160000,160.0,52.96,2.0,21.5,246.32558139534885,644.1860465116279
GME231215C00165000,165.0,41.6,1.0,21.5,193.48837209302326,667.4418604651163
GME231215C00170000,170.0,53.8,0.0,21.5,250.23255813953486,690.6976744186046
GME231215C00175000,175.0,40.25,5.0,21.5,187.2093023255814,713.953488372093
GME231215C00180000,180.0,40.0,17.0,21.5,186.04651162790697,737.2093023255813
GME231215C00185000,185.0,46.39,15.0,21.5,215.7674418604651,760.4651162790698
GME231215C00195000,195.0,37.0,6.0,21.5,172.09302325581396,806.9767441860465
GME231215C00200000,200.0,42.01,26.0,21.5,195.3953488372093,830.232558139535
GME231215C00210000,210.0,43.0,1.0,21.5,200.0,876.7441860465116
GME231215C00220000,220.0,33.17,2.0,21.5,154.27906976744188,923.2558139534884
GME231215C00230000,230.0,32.17,3.0,21.5,149.62790697674419,969.767441860465
GME231215C00240000,240.0,29.82,1.0,21.5,138.69767441860466,1016.2790697674419
GME231215C00250000,250.0,37.0,194.0,21.5,172.09302325581396,1062.7906976744184
GME231215C00260000,260.0,23.6,1.0,21.5,109.76744186046513,1109.3023255813953
GME231215C00270000,270.0,20.0,1.0,21.5,93.02325581395348,1155.813953488372
GME231215C00290000,290.0,17.0,1.0,21.5,79.06976744186046,1248.8372093023256
GME231215C00300000,300.0,36.3,63.0,21.5,168.83720930232556,1295.3488372093022
GME240119C00002500,2.5,19.0,26.0,21.5,88.37209302325581,-88.37209302325581
GME240119C00003750,3.75,18.25,0.0,21.5,84.88372093023256,-82.55813953488372
GME240119C00005000,5.0,15.0,18.0,21.5,69.76744186046511,-76.74418604651163
GME240119C00007500,7.5,13.49,18.0,21.5,62.74418604651163,-65.11627906976744
GME240119C00010000,10.0,11.9,438.0,21.5,55.348837209302324,-53.48837209302325
GME240119C00011250,11.25,9.8,72.0,21.5,45.58139534883721,-47.674418604651166
GME240119C00012500,12.5,9.55,1267.0,21.5,44.418604651162795,-41.86046511627907
GME240119C00013750,13.75,7.7,168.0,21.5,35.81395348837209,-36.04651162790697
GME240119C00015000,15.0,7.05,2913.0,21.5,32.79069767441861,-30.23255813953488
GME240119C00016250,16.25,6.08,984.0,21.5,28.27906976744186,-24.418604651162788
GME240119C00017500,17.5,6.3,4648.0,21.5,29.30232558139535,-18.6046511627907
GME240119C00018750,18.75,5.2,331.0,21.5,24.186046511627907,-12.790697674418606
GME240119C00020000,20.0,5.9,2385.0,21.5,27.44186046511628,-6.976744186046512
GME240119C00021250,21.25,5.45,197.0,21.5,25.348837209302328,-1.1627906976744187
GME240119C00022500,22.5,4.32,199.0,21.5,20.093023255813954,4.651162790697675
GME240119C00023750,23.75,4.95,250.0,21.5,23.02325581395349,10.465116279069768
GME240119C00025000,25.0,4.34,3393.0,21.5,20.186046511627907,16.27906976744186
GME240119C00026250,26.25,4.16,189.0,21.5,19.348837209302328,22.093023255813954
GME240119C00027500,27.5,3.7,389.0,21.5,17.209302325581397,27.906976744186046
GME240119C00028750,28.75,3.2,2539.0,21.5,14.883720930232558,33.72093023255814
GME240119C00030000,30.0,3.6,2741.0,21.5,16.74418604651163,39.53488372093023
GME240119C00031250,31.25,3.15,268.0,21.5,14.651162790697676,45.348837209302324
GME240119C00032500,32.5,2.27,689.0,21.5,10.55813953488372,51.162790697674424
GME240119C00033750,33.75,3.7,438.0,21.5,17.209302325581397,56.97674418604651
GME240119C00035000,35.0,2.3,1290.0,21.5,10.69767441860465,62.7906976744186
GME240119C00036250,36.25,2.87,59.0,21.5,13.348837209302324,68.6046511627907
GME240119C00037500,37.5,1.97,1251.0,21.5,9.162790697674419,74.4186046511628
GME240119C00038750,38.75,2.9,165.0,21.5,13.488372093023255,80.23255813953489
GME240119C00040000,40.0,2.2,6584.0,21.5,10.232558139534884,86.04651162790698
GME240119C00041250,41.25,2.45,184.0,21.5,11.395348837209303,91.86046511627907
GME240119C00042500,42.5,1.6,353.0,21.5,7.441860465116279,97.67441860465115
GME240119C00043750,43.75,1.68,78.0,21.5,7.813953488372093,103.48837209302326
GME240119C00045000,45.0,1.5,313.0,21.5,6.976744186046512,109.30232558139534
GME240119C00046250,46.25,1.93,65.0,21.5,8.976744186046512,115.11627906976744
GME240119C00047500,47.5,2.2,142.0,21.5,10.232558139534884,120.93023255813952
GME240119C00048750,48.75,1.8,87.0,21.5,8.372093023255815,126.74418604651163
GME240119C00050000,50.0,1.52,2214.0,21.5,7.069767441860465,132.5581395348837
GME240119C00052500,52.5,1.44,70.0,21.5,6.697674418604651,144.1860465116279
GME240119C00055000,55.0,1.3,4151.0,21.5,6.046511627906977,155.8139534883721
GME240119C00057500,57.5,1.8,46.0,21.5,8.372093023255815,167.4418604651163
GME240119C00060000,60.0,1.0,325.0,21.5,4.651162790697675,179.06976744186048
GME240119C00062500,62.5,0.95,576.0,21.5,4.4186046511627906,190.69767441860466
GME240119C00065000,65.0,0.99,158.0,21.5,4.604651162790698,202.32558139534885
GME240119C00067500,67.5,1.0,159.0,21.5,4.651162790697675,213.953488372093
GME240119C00070000,70.0,0.84,561.0,21.5,3.9069767441860463,225.58139534883722
GME240119C00072500,72.5,1.3,61.0,21.5,6.046511627906977,237.2093023255814
GME240119C00075000,75.0,0.9,3026.0,21.5,4.186046511627907,248.8372093023256
GME240119C00080000,80.0,0.8,671.0,21.5,3.7209302325581395,272.09302325581393
GME240119C00082500,82.5,0.8,48.0,21.5,3.7209302325581395,283.72093023255815
GME240119C00085000,85.0,0.86,113.0,21.5,4.0,295.3488372093023
GME240119C00087500,87.5,0.73,867.0,21.5,3.395348837209302,306.9767441860465
GME240119C00090000,90.0,0.79,2160.0,21.5,3.674418604651163,318.6046511627907
GME240119C00092500,92.5,0.78,2920.0,21.5,3.6279069767441863,330.2325581395349
GME240119C00095000,95.0,0.81,2514.0,21.5,3.7674418604651163,341.86046511627904
GME240119C00097500,97.5,0.46,58.0,21.5,2.1395348837209305,353.48837209302326
GME240119C00100000,100.0,0.6,3794.0,21.5,2.7906976744186047,365.1162790697674
GME240119C00102500,102.5,0.59,332.0,21.5,2.744186046511628,376.74418604651163
GME240119C00105000,105.0,0.6,298.0,21.5,2.7906976744186047,388.3720930232558
GME240119C00107500,107.5,0.79,122.0,21.5,3.674418604651163,400.0
GME240119C00110000,110.0,0.59,200.0,21.5,2.744186046511628,411.6279069767442
GME240119C00112500,112.5,0.7,226.0,21.5,3.255813953488372,423.2558139534884
GME240119C00115000,115.0,0.68,98.0,21.5,3.162790697674419,434.8837209302325
GME240119C00117500,117.5,0.47,162.0,21.5,2.186046511627907,446.51162790697674
GME240119C00120000,120.0,0.4,803.0,21.5,1.8604651162790697,458.13953488372096
GME240119C00122500,122.5,0.49,332.0,21.5,2.27906976744186,469.76744186046517
GME240119C00125000,125.0,0.41,7719.0,21.5,1.9069767441860463,481.39534883720927
GME240119C00127500,127.5,0.4,19969.0,21.5,1.8604651162790697,493.0232558139535
GME240119C00130000,130.0,63.68,112.0,21.5,296.1860465116279,504.6511627906977
GME240119C00135000,135.0,56.7,24.0,21.5,263.72093023255815,527.906976744186
GME240119C00140000,140.0,58.15,61.0,21.5,270.4651162790698,551.1627906976744
GME240119C00145000,145.0,43.66,18.0,21.5,203.06976744186045,574.4186046511628
GME240119C00150000,150.0,57.25,165.0,21.5,266.27906976744185,597.6744186046511
GME240119C00155000,155.0,58.0,45.0,21.5,269.7674418604651,620.9302325581396
GME240119C00160000,160.0,54.4,94.0,21.5,253.02325581395348,644.1860465116279
GME240119C00165000,165.0,38.68,19.0,21.5,179.90697674418607,667.4418604651163
GME240119C00170000,170.0,48.7,81.0,21.5,226.51162790697677,690.6976744186046
GME240119C00175000,175.0,49.0,22.0,21.5,227.90697674418604,713.953488372093
GME240119C00180000,180.0,49.2,56.0,21.5,228.83720930232562,737.2093023255813
GME240119C00185000,185.0,27.5,19.0,21.5,127.90697674418605,760.4651162790698
GME240119C00190000,190.0,43.63,21.0,21.5,202.93023255813955,783.7209302325581
GME240119C00195000,195.0,39.25,14.0,21.5,182.5581395348837,806.9767441860465
GME240119C00200000,200.0,46.8,506.0,21.5,217.67441860465112,830.232558139535
GME240119C00210000,210.0,37.35,26.0,21.5,173.72093023255815,876.7441860465116
GME240119C00220000,220.0,45.0,19.0,21.5,209.30232558139537,923.2558139534884
GME240119C00230000,230.0,45.52,27.0,21.5,211.72093023255815,969.767441860465
GME240119C00240000,240.0,30.0,22.0,21.5,139.53488372093022,1016.2790697674419
GME240119C00250000,250.0,42.0,145.0,21.5,195.3488372093023,1062.7906976744184
GME240119C00260000,260.0,25.9,15.0,21.5,120.46511627906975,1109.3023255813953
GME240119C00270000,270.0,32.25,69.0,21.5,150.0,1155.813953488372
GME240119C00280000,280.0,30.0,39.0,21.5,139.53488372093022,1202.3255813953488
GME240119C00290000,290.0,40.55,16.0,21.5,188.60465116279067,1248.8372093023256
GME240119C00300000,300.0,31.0,871.0,21.5,144.1860465116279,1295.3488372093022
GME240119C00320000,320.0,30.0,102.0,21.5,139.53488372093022,1388.3720930232557
GME240119C00330000,330.0,30.6,11.0,21.5,142.32558139534885,1434.8837209302326
GME240119C00340000,340.0,32.0,24.0,21.5,148.8372093023256,1481.3953488372092
GME240119C00350000,350.0,30.6,210.0,21.5,142.32558139534885,1527.906976744186
GME240119C00360000,360.0,27.5,498.0,21.5,127.90697674418605,1574.4186046511627
GME240119C00370000,370.0,27.0,724.0,21.5,125.5813953488372,1620.9302325581393
GME240119C00380000,380.0,26.4,572.0,21.5,122.7906976744186,1667.4418604651162
GME240119C00390000,390.0,21.84,15.0,21.5,101.5813953488372,1713.953488372093
GME240119C00400000,400.0,24.56,136.0,21.5,114.23255813953487,1760.46511627907
GME240119C00410000,410.0,28.6,4.0,21.5,133.02325581395348,1806.9767441860463
GME240119C00420000,420.0,23.5,27.0,21.5,109.30232558139534,1853.4883720930231
GME240119C00430000,430.0,50.0,51.0,21.5,232.55813953488374,1900.0
GME240119C00440000,440.0,28.0,12.0,21.5,130.2325581395349,1946.5116279069769
GME240119C00450000,450.0,25.09,43.0,21.5,116.69767441860466,1993.0232558139537
GME240119C00460000,460.0,33.15,2.0,21.5,154.1860465116279,2039.53488372093
GME240119C00470000,470.0,20.4,4.0,21.5,94.88372093023256,2086.046511627907
GME240119C00480000,480.0,21.45,16.0,21.5,99.76744186046511,2132.5581395348836
GME240119C00490000,490.0,20.0,67.0,21.5,93.02325581395348,2179.0697674418607
GME240119C00500000,500.0,19.5,1753.0,21.5,90.69767441860465,2225.581395348837
GME240119C00510000,510.0,18.76,3472.0,21.5,87.25581395348838,2272.093023255814
GME250117C00003000,3.0,17.08,4.0,21.5,79.44186046511628,-86.04651162790698
GME250117C00005000,5.0,15.0,38.0,21.5,69.76744186046511,-76.74418604651163
GME250117C00008000,8.0,12.0,11.0,21.5,55.81395348837209,-62.7906976744186
GME250117C00010000,10.0,12.0,1868.0,21.5,55.81395348837209,-53.48837209302325
GME250117C00013000,13.0,9.75,198.0,21.5,45.348837209302324,-39.53488372093023
GME250117C00015000,15.0,9.2,476.0,21.5,42.7906976744186,-30.23255813953488
GME250117C00018000,18.0,6.45,184.0,21.5,30.0,-16.27906976744186
GME250117C00020000,20.0,7.5,388.0,21.5,34.883720930232556,-6.976744186046512
GME250117C00023000,23.0,5.75,177.0,21.5,26.744186046511626,6.976744186046512
GME250117C00025000,25.0,6.24,288.0,21.5,29.02325581395349,16.27906976744186
GME250117C00027000,27.0,5.97,327.0,21.5,27.767441860465112,25.581395348837212
GME250117C00030000,30.0,4.92,665.0,21.5,22.883720930232556,39.53488372093023
GME250117C00032000,32.0,4.27,68.0,21.5,19.86046511627907,48.837209302325576
GME250117C00035000,35.0,4.2,751.0,21.5,19.53488372093023,62.7906976744186
GME250117C00037000,37.0,3.77,96.0,21.5,17.53488372093023,72.09302325581395
GME250117C00040000,40.0,3.23,373.0,21.5,15.023255813953487,86.04651162790698
GME250117C00045000,45.0,2.96,217.0,21.5,13.767441860465116,109.30232558139534
GME250117C00050000,50.0,2.4,827.0,21.5,11.162790697674419,132.5581395348837
GME250117C00055000,55.0,2.99,72.0,21.5,13.906976744186048,155.8139534883721
GME250117C00060000,60.0,2.43,2726.0,21.5,11.30232558139535,179.06976744186048
